当前排名,代码,股票名称,最新价,涨跌额,涨跌幅,date
1,SZ002031,巨轮智能,8.89,0.890778,10.02,2025-02-19
2,SZ300251,光线传媒,29.1,1.36188,4.68,2025-02-19
3,SZ300276,三丰智能,12.16,2.436864,20.04,2025-02-19
4,SZ300718,长盛轴承,98.77,19.754,20.0,2025-02-19
5,SZ002065,东华软件,12.47,1.242012,9.96,2025-02-19
6,SH603501,韦尔股份,157.96,15.796,10.0,2025-02-19
7,SZ002261,拓维信息,36.32,2.084768,5.74,2025-02-19
8,SZ300766,每日互动,69.38,12.342702,17.79,2025-02-19
9,SZ002123,梦网科技,19.42,0.955464,4.92,2025-02-19
10,SH600143,金发科技,11.24,1.121752,9.98,2025-02-19
11,SZ000818,航锦科技,39.05,3.905,10.0,2025-02-19
12,SZ300007,汉威科技,37.81,7.558219,19.99,2025-02-19
13,SH600580,卧龙电驱,28.61,2.162916,7.56,2025-02-19
14,SZ002599,盛通股份,10.09,1.012027,10.03,2025-02-19
15,SH600498,烽火通信,27.93,2.793,10.0,2025-02-19
16,SZ002896,中大力德,80.64,8.064,10.0,2025-02-19
17,SH600126,杭钢股份,10.51,-0.495021,-4.71,2025-02-19
18,SZ300100,双林股份,42.84,8.568000000000001,20.0,2025-02-19
19,SZ000876,新 希 望,10.44,1.045044,10.01,2025-02-19
20,SH601177,杭齿前进,16.42,1.6387160000000005,9.98,2025-02-19
21,SZ002369,卓翼科技,8.55,0.85842,10.04,2025-02-19
22,SH600986,浙文互联,10.66,0.2664999999999999,2.5,2025-02-19
23,SZ002527,新时达,13.52,1.353352,10.01,2025-02-19
24,SH603881,数据港,36.28,2.706488,7.46,2025-02-19
25,SZ002117,东港股份,13.86,1.386,10.0,2025-02-19
26,SZ000856,冀东装备,15.33,1.528401,9.97,2025-02-19
27,SH600105,永鼎股份,5.83,0.583,10.0,2025-02-19
28,SH600120,浙江东方,7.86,0.556488,7.08,2025-02-19
29,SH603583,捷昌驱动,40.45,4.049045,10.01,2025-02-19
30,SZ002681,奋达科技,9.15,0.484035,5.29,2025-02-19
31,SZ300059,东方财富,23.82,0.5002200000000001,2.1,2025-02-19
32,SZ002343,慈文传媒,7.07,0.7034649999999999,9.95,2025-02-19
33,SH601921,浙版传媒,8.77,0.880508,10.04,2025-02-19
34,SZ002276,万马股份,9.93,0.990021,9.97,2025-02-19
35,SZ002520,日发精机,8.16,0.443088,5.43,2025-02-19
36,SH600602,云赛智联,23.01,-0.218595,-0.95,2025-02-19
37,SZ301368,丰立智能,76.63,15.326,20.0,2025-02-19
38,SZ002929,润建股份,56.58,5.652342,9.99,2025-02-19
39,SZ002290,禾盛新材,21.87,2.189187,10.01,2025-02-19
40,SH600839,四川长虹,11.79,0.3289409999999999,2.79,2025-02-19
41,SZ300065,海兰信,13.56,2.712,20.0,2025-02-19
42,SZ002354,天娱数科,8.35,0.194555,2.33,2025-02-19
43,SH600678,四川金顶,8.72,0.8685120000000002,9.96,2025-02-19
44,SZ002979,雷赛智能,46.97,4.697,10.0,2025-02-19
45,SZ002593,日上集团,5.78,0.58378,10.1,2025-02-19
46,SZ002213,大为股份,18.4,1.83632,9.98,2025-02-19
47,SH600410,华胜天成,10.88,0.101184,0.93,2025-02-19
48,SH600590,泰豪科技,6.91,0.6930729999999999,10.03,2025-02-19
49,SH605488,福莱新材,51.93,5.193,10.0,2025-02-19
50,SZ300296,利亚德,7.3,0.78621,10.77,2025-02-19
51,SZ002050,三花智控,34.59,2.0338920000000003,5.88,2025-02-19
52,SZ300846,首都在线,27.33,2.642811,9.67,2025-02-19
53,SZ300660,江苏雷利,58.34,8.395126000000001,14.39,2025-02-19
54,SZ000710,贝瑞基因,12.67,1.264466,9.98,2025-02-19
55,SZ300638,广和通,41.2,5.94928,14.44,2025-02-19
56,SZ300571,平治信息,37.2,7.44,20.0,2025-02-19
57,SH601727,上海电气,8.42,0.236602,2.81,2025-02-19
58,SZ300488,恒锋工具,38.5,7.703850000000001,20.01,2025-02-19
59,SZ002044,美年健康,7.07,-0.019796,-0.28,2025-02-19
60,SZ300657,弘信电子,37.03,3.99924,10.8,2025-02-19
61,SZ002046,国机精工,15.13,1.519052,10.04,2025-02-19
62,SH603011,合锻智能,7.98,0.8035860000000001,10.07,2025-02-19
63,SZ300748,金力永磁,22.65,3.2729249999999994,14.45,2025-02-19
64,SH603528,多伦科技,9.67,0.967967,10.01,2025-02-19
65,SZ002600,领益智造,9.99,0.537462,5.38,2025-02-19
66,SZ300024,机器人,21.0,1.7682,8.42,2025-02-19
67,SZ300607,拓斯达,35.49,4.585308,12.92,2025-02-19
68,SZ000977,浪潮信息,64.57,1.4592819999999995,2.26,2025-02-19
69,SH603015,弘讯科技,13.39,1.341678,10.02,2025-02-19
70,SH603209,兴通股份,17.85,1.7814300000000003,9.98,2025-02-19
71,SZ002131,利欧股份,4.32,0.081648,1.89,2025-02-19
72,SZ002747,埃斯顿,22.3,1.46065,6.55,2025-02-19
73,SZ002886,沃特股份,21.05,2.10079,9.98,2025-02-19
74,SZ300124,汇川技术,72.56,6.341744,8.74,2025-02-19
75,SZ002922,伊戈尔,20.85,2.091255,10.03,2025-02-19
76,SZ000034,神州数码,57.2,0.50336,0.88,2025-02-19
77,SZ000793,华闻集团,2.94,0.297234,10.11,2025-02-19
78,SZ002965,祥鑫科技,54.34,5.434000000000001,10.0,2025-02-19
79,SZ002664,信质集团,19.28,1.9241440000000003,9.98,2025-02-19
80,SZ833533,骏创科技,62.2,18.65378,29.99,2025-02-19
81,SZ002870,香山股份,37.49,3.752749,10.01,2025-02-19
82,SZ920002,万达轴承,110.01,32.991999,29.99,2025-02-19
83,SZ002245,蔚蓝锂芯,13.65,1.090635,7.99,2025-02-19
84,SZ000065,北方国际,11.98,1.199198,10.01,2025-02-19
85,SZ000008,神州高铁,2.96,0.2971839999999999,10.04,2025-02-19
86,SZ002368,太极股份,30.5,3.04695,9.99,2025-02-19
87,SH603956,威派格,9.23,-0.918385,-9.95,2025-02-19
88,SH603300,海南华铁,9.07,0.278449,3.07,2025-02-19
89,SZ300458,全志科技,50.9,3.63426,7.14,2025-02-19
90,SH600353,旭光电子,8.17,0.8137320000000001,9.96,2025-02-19
91,SZ002126,银轮股份,26.68,2.673336,10.02,2025-02-19
92,SH600633,浙数文化,18.0,-0.8298000000000001,-4.61,2025-02-19
93,SZ300115,长盈精密,24.36,1.2399239999999998,5.09,2025-02-19
94,SH603005,晶方科技,36.29,3.022957,8.33,2025-02-19
95,SH601100,恒立液压,78.91,7.883108999999999,9.99,2025-02-19
96,SZ000516,国际医学,6.04,0.605208,10.02,2025-02-19
97,SZ300580,贝斯特,31.78,3.947076,12.42,2025-02-19
98,SH688347,华虹公司,60.28,10.826288000000002,17.96,2025-02-19
99,SZ002535,林州重机,4.28,0.4292839999999999,10.03,2025-02-19
100,SZ002611,东方精工,13.69,0.759795,5.55,2025-02-19
1,SZ002031,巨轮智能,9.16,0.278464,3.04,2025-02-20
2,SZ002065,东华软件,13.72,1.374744,10.02,2025-02-20
3,SZ300718,长盛轴承,107.0,8.9131,8.33,2025-02-20
4,SZ300251,光线传媒,27.38,-1.618158,-5.91,2025-02-20
5,SZ002261,拓维信息,37.96,1.7157919999999998,4.52,2025-02-20
6,SH600126,杭钢股份,11.15,0.6790349999999999,6.09,2025-02-20
7,SZ300276,三丰智能,14.59,2.915082,19.98,2025-02-20
8,SH600143,金发科技,12.36,1.2310560000000002,9.96,2025-02-20
9,SZ000818,航锦科技,42.96,4.300296,10.01,2025-02-20
10,SZ002426,胜利精密,3.61,0.363166,10.06,2025-02-20
11,SZ002369,卓翼科技,9.41,0.946646,10.06,2025-02-20
12,SH601727,上海电气,8.93,0.5411579999999999,6.06,2025-02-20
13,SZ300766,每日互动,61.51,-6.975234,-11.34,2025-02-20
14,SZ300622,博士眼镜,54.11,10.822,20.0,2025-02-20
15,SZ002044,美年健康,7.51,0.467122,6.22,2025-02-20
16,SZ002123,梦网科技,19.03,-0.382503,-2.01,2025-02-20
17,SZ300256,星星科技,5.1,1.02,20.0,2025-02-20
18,SH600580,卧龙电驱,27.9,-0.69192,-2.48,2025-02-20
19,SH603501,韦尔股份,152.99,-4.819185,-3.15,2025-02-20
20,SZ300007,汉威科技,44.5,7.872050000000001,17.69,2025-02-20
21,SZ002896,中大力德,88.7,8.87,10.0,2025-02-20
22,SZ002600,领益智造,10.6,0.64766,6.11,2025-02-20
23,SH601177,杭齿前进,18.06,1.804194,9.99,2025-02-20
24,SZ300738,奥飞数据,19.92,3.984,20.0,2025-02-20
25,SZ000856,冀东装备,16.86,1.682628,9.98,2025-02-20
26,SH600633,浙数文化,18.66,0.684822,3.67,2025-02-20
27,SZ002599,盛通股份,11.1,1.1111099999999998,10.01,2025-02-20
28,SZ002273,水晶光电,25.19,2.519,10.0,2025-02-20
29,SZ300868,杰美特,34.92,6.984000000000001,20.0,2025-02-20
30,SH603881,数据港,36.7,0.42572,1.16,2025-02-20
31,SZ002354,天娱数科,8.27,-0.0793919999999999,-0.96,2025-02-20
32,SZ002456,欧菲光,13.8,0.4761000000000001,3.45,2025-02-20
33,SZ300059,东方财富,23.57,-0.247485,-1.05,2025-02-20
34,SZ300115,长盈精密,26.5,2.3267,8.78,2025-02-20
35,SZ002343,慈文传媒,7.78,0.7811119999999999,10.04,2025-02-20
36,SZ300287,飞利信,8.28,0.6938639999999999,8.38,2025-02-20
37,SH600986,浙文互联,10.25,-0.394625,-3.85,2025-02-20
38,SZ002527,新时达,14.87,1.485513,9.99,2025-02-20
39,SH600120,浙江东方,7.86,0.0,0.0,2025-02-20
40,SZ002131,利欧股份,4.33,0.009959,0.23,2025-02-20
41,SH600839,四川长虹,11.6,-0.18676,-1.61,2025-02-20
42,SZ002681,奋达科技,9.17,0.0201739999999999,0.22,2025-02-20
43,SZ001314,亿道信息,56.65,5.665,10.0,2025-02-20
44,SH600678,四川金顶,9.59,0.957082,9.98,2025-02-20
45,SZ301101,明月镜片,55.63,11.126,20.0,2025-02-20
46,SZ002241,歌尔股份,29.59,1.088912,3.68,2025-02-20
47,SZ002929,润建股份,62.24,6.224,10.0,2025-02-20
48,SZ002173,创新医疗,10.88,0.7822720000000001,7.19,2025-02-20
49,SZ300019,硅宝科技,18.32,3.658504,19.97,2025-02-20
50,SZ002577,雷柏科技,26.87,2.6843130000000004,9.99,2025-02-20
51,SZ300100,双林股份,48.53,6.444783999999999,13.28,2025-02-20
52,SH600797,浙大网新,10.35,1.033965,9.99,2025-02-20
53,SH600498,烽火通信,27.49,-0.4343419999999999,-1.58,2025-02-20
54,SZ300458,全志科技,54.37,3.708034,6.82,2025-02-20
55,SZ002520,日发精机,8.24,0.080752,0.98,2025-02-20
56,SH605488,福莱新材,57.12,5.706288,9.99,2025-02-20
57,SZ000759,中百集团,8.69,0.6100379999999999,7.02,2025-02-20
58,SZ873001,纬达光电,24.75,7.422524999999999,29.99,2025-02-20
59,SZ000977,浪潮信息,63.36,-1.184832,-1.87,2025-02-20
60,SH601921,浙版传媒,9.65,0.967895,10.03,2025-02-20
61,SZ000516,国际医学,6.64,0.6593519999999999,9.93,2025-02-20
62,SZ301336,趣睡科技,69.96,13.991999999999996,20.0,2025-02-20
63,SZ002277,友阿股份,5.48,0.550192,10.04,2025-02-20
64,SH600602,云赛智联,22.07,-0.902663,-4.09,2025-02-20
65,SH603956,威派格,9.24,0.010164,0.11,2025-02-20
66,SZ000034,神州数码,56.03,-1.148615,-2.05,2025-02-20
67,SZ002861,瀛通通讯,16.15,1.616615,10.01,2025-02-20
68,SZ002522,浙江众成,4.98,0.494514,9.93,2025-02-20
69,SH600590,泰豪科技,7.6,0.7592399999999999,9.99,2025-02-20
70,SZ300296,利亚德,7.59,0.301323,3.97,2025-02-20
71,SZ300817,双飞集团,23.1,4.62,20.0,2025-02-20
72,SZ000810,创维数字,15.57,1.033848,6.64,2025-02-20
73,SZ002717,岭南股份,3.95,-0.21725,-5.5,2025-02-20
74,SH600410,华胜天成,10.58,-0.292008,-2.76,2025-02-20
75,SZ002414,高德红外,8.24,0.824824,10.01,2025-02-20
76,SZ002272,川润股份,10.97,1.100291,10.03,2025-02-20
77,SZ002524,光正眼科,4.57,0.4624839999999999,10.12,2025-02-20
78,SZ000158,常山北明,24.29,-0.5465249999999999,-2.25,2025-02-20
79,SZ000547,航天发展,7.79,0.781337,10.03,2025-02-20
80,SZ002594,比亚迪,362.78,4.317081999999999,1.19,2025-02-20
81,SZ002195,岩山科技,4.97,0.091448,1.84,2025-02-20
82,SZ002747,埃斯顿,23.4,1.15362,4.93,2025-02-20
83,SZ300660,江苏雷利,62.33,4.263372,6.84,2025-02-20
84,SH603215,比依股份,20.1,2.0140200000000004,10.02,2025-02-20
85,SZ920002,万达轴承,143.01,42.90299999999999,30.0,2025-02-20
86,SZ002400,省广集团,9.54,0.2251439999999999,2.36,2025-02-20
87,SZ002402,和而泰,20.72,1.205904,5.82,2025-02-20
88,SZ300543,朗科智能,14.06,2.807782,19.97,2025-02-20
89,SZ002987,京北方,21.44,2.146144,10.01,2025-02-20
90,SH603583,捷昌驱动,42.7,2.37412,5.56,2025-02-20
91,SZ002290,禾盛新材,24.06,2.408406,10.01,2025-02-20
92,SZ300968,格林精密,21.05,2.965945,14.09,2025-02-20
93,SZ300790,宇瞳光学,29.3,-0.39555,-1.35,2025-02-20
94,SZ002050,三花智控,34.03,-0.551286,-1.62,2025-02-20
95,SH603728,鸣志电器,82.49,4.916403999999999,5.96,2025-02-20
96,SH601127,赛力斯,122.96,3.56584,2.9,2025-02-20
97,SZ300846,首都在线,25.68,-1.551072,-6.04,2025-02-20
98,SH601933,永辉超市,5.39,0.1649339999999999,3.06,2025-02-20
99,SH600588,用友网络,17.74,0.5038159999999999,2.84,2025-02-20
100,SZ002122,汇洲智能,5.19,0.112623,2.17,2025-02-20
1,SZ002261,拓维信息,41.76,4.180176,10.01,2025-02-22
2,SH600126,杭钢股份,12.27,1.2319079999999998,10.04,2025-02-22
3,SZ002896,中大力德,97.57,9.757,10.0,2025-02-22
4,SZ002065,东华软件,13.95,0.2343599999999999,1.68,2025-02-22
5,SH603881,数据港,40.37,4.037,10.0,2025-02-22
6,SZ000938,紫光股份,32.42,3.245242,10.01,2025-02-22
7,SZ300738,奥飞数据,23.9,4.77522,19.98,2025-02-22
8,SH688256,寒武纪-U,742.21,148.442,20.0,2025-02-22
9,SZ300383,光环新网,20.77,4.151922999999999,19.99,2025-02-22
10,SH600050,中国联通,6.82,0.682,10.0,2025-02-22
11,SH600602,云赛智联,24.28,2.430428,10.01,2025-02-22
12,SZ002599,盛通股份,12.21,1.221,10.0,2025-02-22
13,SZ000977,浪潮信息,67.75,4.695075,6.93,2025-02-22
14,SH600143,金发科技,13.39,1.115387,8.33,2025-02-22
15,SZ000818,航锦科技,40.49,-2.3281750000000003,-5.75,2025-02-22
16,SZ300718,长盛轴承,108.1,1.11343,1.03,2025-02-22
17,SZ002929,润建股份,68.46,6.839154,9.99,2025-02-22
18,SZ300251,光线传媒,27.98,0.612762,2.19,2025-02-22
19,SZ002335,科华数据,47.4,4.74,10.0,2025-02-22
20,SZ300442,润泽科技,68.58,13.716,20.0,2025-02-22
21,SZ300068,南都电源,18.6,3.72,20.0,2025-02-22
22,SZ300059,东方财富,24.35,0.8059850000000001,3.31,2025-02-22
23,SZ300077,国民技术,28.25,5.652825,20.01,2025-02-22
24,SZ300660,江苏雷利,74.8,14.96748,20.01,2025-02-22
25,SZ002522,浙江众成,5.48,0.550192,10.04,2025-02-22
26,SZ000063,中兴通讯,43.41,3.9155819999999992,9.02,2025-02-22
27,SH603728,鸣志电器,90.74,9.074,10.0,2025-02-22
28,SH603019,中科曙光,76.95,4.1553,5.4,2025-02-22
29,SH601177,杭齿前进,19.87,1.990974,10.02,2025-02-22
30,SH603300,海南华铁,9.98,1.000994,10.03,2025-02-22
31,SZ002195,岩山科技,5.24,0.284532,5.43,2025-02-22
32,SH600839,四川长虹,12.18,0.609,5.0,2025-02-22
33,SH601727,上海电气,8.95,0.01969,0.22,2025-02-22
34,SZ002281,光迅科技,57.59,5.764759000000001,10.01,2025-02-22
35,SH600756,浪潮软件,18.99,1.902798,10.02,2025-02-22
36,SZ002031,巨轮智能,9.23,0.070148,0.76,2025-02-22
37,SH601728,中国电信,8.6,0.8574200000000001,9.97,2025-02-22
38,SH600100,同方股份,8.62,0.85769,9.95,2025-02-22
39,SZ002369,卓翼科技,10.35,1.033965,9.99,2025-02-22
40,SZ300017,网宿科技,15.6,2.54748,16.33,2025-02-22
41,SZ002527,新时达,16.36,1.639272,10.02,2025-02-22
42,SZ002347,泰尔股份,9.55,0.95691,10.02,2025-02-22
43,SZ300276,三丰智能,16.27,1.872677,11.51,2025-02-22
44,SZ300256,星星科技,5.51,0.4430039999999999,8.04,2025-02-22
45,SZ002272,川润股份,12.07,1.210621,10.03,2025-02-22
46,SZ002364,中恒电气,18.68,1.869868,10.01,2025-02-22
47,SH600797,浙大网新,10.61,0.2663109999999999,2.51,2025-02-22
48,SZ300657,弘信电子,40.43,5.652114,13.98,2025-02-22
49,SZ300245,天玑科技,17.9,3.5746299999999995,19.97,2025-02-22
50,SZ301165,锐捷网络,84.83,16.965999999999998,20.0,2025-02-22
51,SZ000887,中鼎股份,19.76,1.979952,10.02,2025-02-22
52,SZ002426,胜利精密,3.73,0.123836,3.32,2025-02-22
53,SZ300766,每日互动,60.48,-1.010016,-1.67,2025-02-22
54,SH603956,威派格,10.16,1.011936,9.96,2025-02-22
55,SH600522,中天科技,14.43,0.659451,4.57,2025-02-22
56,SZ002340,格林美,6.69,0.153201,2.29,2025-02-22
57,SH600580,卧龙电驱,28.17,0.273249,0.97,2025-02-22
58,SZ000032,深桑达Ａ,28.47,2.849847,10.01,2025-02-22
59,SZ300115,长盈精密,27.81,1.373814,4.94,2025-02-22
60,SZ300638,广和通,37.85,-3.74715,-9.9,2025-02-22
61,SZ002334,英威腾,9.53,0.957765,10.05,2025-02-22
62,SH600845,宝信软件,37.05,3.7087049999999993,10.01,2025-02-22
63,SZ002343,慈文传媒,8.56,0.8585679999999999,10.03,2025-02-22
64,SH603501,韦尔股份,157.98,5.150147999999999,3.26,2025-02-22
65,SZ002230,科大讯飞,55.6,2.0516400000000004,3.69,2025-02-22
66,SH688041,海光信息,156.96,23.983488,15.28,2025-02-22
67,SH600590,泰豪科技,8.36,0.836,10.0,2025-02-22
68,SZ002837,英维克,47.75,4.775,10.0,2025-02-22
69,SZ000815,美利云,12.47,1.242012,9.96,2025-02-22
70,SH600198,大唐电信,10.09,1.012027,10.03,2025-02-22
71,SZ002979,雷赛智能,53.86,5.391386,10.01,2025-02-22
72,SH601789,宁波建工,5.63,0.560748,9.96,2025-02-22
73,SH600835,上海机电,23.28,2.332656,10.02,2025-02-22
74,SZ300002,神州泰岳,15.88,1.656284,10.43,2025-02-22
75,SZ300153,科泰电源,28.9,5.78578,20.02,2025-02-22
76,SH601138,工业富联,23.2,0.59392,2.56,2025-02-22
77,SZ000034,神州数码,57.06,1.0499040000000002,1.84,2025-02-22
78,SH603887,城地香江,18.4,1.83632,9.98,2025-02-22
79,SZ000555,神州信息,13.75,1.375,10.0,2025-02-22
80,SZ002123,梦网科技,19.08,0.049608,0.26,2025-02-22
81,SZ002117,东港股份,14.33,0.35825,2.5,2025-02-22
82,SH600498,烽火通信,28.66,1.220916,4.26,2025-02-22
83,SH600589,大位科技,4.76,0.472668,9.93,2025-02-22
84,SZ002354,天娱数科,8.12,-0.146972,-1.81,2025-02-22
85,SH600633,浙数文化,19.18,0.535122,2.79,2025-02-22
86,SZ000016,深康佳Ａ,5.38,0.539076,10.02,2025-02-22
87,SZ002131,利欧股份,4.39,0.0610209999999999,1.39,2025-02-22
88,SZ002474,榕基软件,8.09,0.814663,10.07,2025-02-22
89,SZ300249,依米康,20.28,1.748136,8.62,2025-02-22
90,SZ000158,常山北明,24.97,0.69916,2.8,2025-02-22
91,SZ002518,科士达,29.26,2.926,10.0,2025-02-22
92,SZ300817,双飞集团,27.72,5.544,20.0,2025-02-22
93,SZ002600,领益智造,10.68,0.0801,0.75,2025-02-22
94,SZ301202,朗威股份,49.02,9.804,20.0,2025-02-22
95,SH600519,贵州茅台,1488.21,14.286815999999998,0.96,2025-02-22
96,SZ002594,比亚迪,383.0,21.3331,5.57,2025-02-22
97,SZ002126,银轮股份,30.25,3.025,10.0,2025-02-22
98,SH600986,浙文互联,9.99,-0.253746,-2.54,2025-02-22
99,SZ000967,盈峰环境,6.88,0.6935039999999999,10.08,2025-02-22
100,SZ002681,奋达科技,9.04,-0.1283679999999999,-1.42,2025-02-22
1,SZ002261,拓维信息,41.52,-0.2366639999999999,-0.57,2025-02-24
2,SZ000158,常山北明,27.47,2.749747,10.01,2025-02-24
3,SZ002085,万丰奥威,21.42,2.146284,10.02,2025-02-24
4,SZ000816,智慧农业,4.17,0.418251,10.03,2025-02-24
5,SH600602,云赛智联,26.71,2.673671,10.01,2025-02-24
6,SZ002065,东华软件,14.42,0.485954,3.37,2025-02-24
7,SH600126,杭钢股份,11.05,-1.09837,-9.94,2025-02-24
8,SH603881,数据港,42.49,2.230725,5.25,2025-02-24
9,SZ002031,巨轮智能,9.51,0.288153,3.03,2025-02-24
10,SH600100,同方股份,9.48,0.9461040000000002,9.98,2025-02-24
11,SH600839,四川长虹,12.74,0.58604,4.6,2025-02-24
12,SH600797,浙大网新,11.67,1.165833,9.99,2025-02-24
13,SH688256,寒武纪-U,780.36,40.110504,5.14,2025-02-24
14,SZ002131,利欧股份,4.57,0.1873699999999999,4.1,2025-02-24
15,SZ300251,光线传媒,27.09,-0.8614620000000001,-3.18,2025-02-24
16,SZ002335,科华数据,52.14,5.214,10.0,2025-02-24
17,SZ002599,盛通股份,13.43,1.341657,9.99,2025-02-24
18,SZ300766,每日互动,51.4,-7.71514,-15.01,2025-02-24
19,SZ000818,航锦科技,36.44,-3.644,-10.0,2025-02-24
20,SZ002369,卓翼科技,11.39,1.144695,10.05,2025-02-24
21,SZ000032,深桑达Ａ,31.32,3.135132,10.01,2025-02-24
22,SH603662,柯力传感,86.35,8.635,10.0,2025-02-24
23,SZ002527,新时达,18.0,1.8036,10.02,2025-02-24
24,SH600811,东方集团,2.31,0.231,10.0,2025-02-24
25,SZ300059,东方财富,24.12,-0.2267279999999999,-0.94,2025-02-24
26,SH600203,福日电子,11.06,1.11153,10.05,2025-02-24
27,SH603300,海南华铁,10.5,0.54705,5.21,2025-02-24
28,SH600590,泰豪科技,9.2,0.9246,10.05,2025-02-24
29,SH601177,杭齿前进,17.88,-1.7915759999999998,-10.02,2025-02-24
30,SZ002123,梦网科技,17.24,-1.661936,-9.64,2025-02-24
31,SH600143,金发科技,13.81,0.4336340000000001,3.14,2025-02-24
32,SH600825,新华传媒,8.15,0.814185,9.99,2025-02-24
33,SZ300175,朗源股份,6.53,1.308612,20.04,2025-02-24
34,SZ300159,新研股份,2.89,0.5756880000000001,19.92,2025-02-24
35,SZ002414,高德红外,8.98,0.90249,10.05,2025-02-24
36,SZ000938,紫光股份,33.0,0.5907,1.79,2025-02-24
37,SH600580,卧龙电驱,28.69,0.530765,1.85,2025-02-24
38,SZ300718,长盛轴承,101.1,-6.55128,-6.48,2025-02-24
39,SZ002230,科大讯飞,57.45,1.913085,3.33,2025-02-24
40,SZ000892,欢瑞世纪,4.25,0.4292499999999999,10.1,2025-02-24
41,SZ300339,润和软件,61.77,3.564129,5.77,2025-02-24
42,SZ002757,南兴股份,24.53,2.4530000000000003,10.0,2025-02-24
43,SH600050,中国联通,6.73,-0.088836,-1.32,2025-02-24
44,SZ300383,光环新网,21.88,1.168392,5.34,2025-02-24
45,SZ301236,软通动力,74.01,4.655229,6.29,2025-02-24
46,SZ000977,浪潮信息,67.13,-0.617596,-0.92,2025-02-24
47,SZ002896,中大力德,87.89,-8.718688,-9.92,2025-02-24
48,SH603789,星光农机,8.66,0.869464,10.04,2025-02-24
49,SZ002522,浙江众成,6.03,0.605412,10.04,2025-02-24
50,SZ002051,中工国际,9.44,0.945888,10.02,2025-02-24
51,SZ300738,奥飞数据,22.2,-1.5784200000000002,-7.11,2025-02-24
52,SH600986,浙文互联,8.99,-0.899899,-10.01,2025-02-24
53,SZ002929,润建股份,70.95,2.5825800000000005,3.64,2025-02-24
54,SH600633,浙数文化,17.26,-1.727726,-10.01,2025-02-24
55,SH600589,大位科技,5.24,0.528192,10.08,2025-02-24
56,SH601727,上海电气,8.84,-0.108732,-1.23,2025-02-24
57,SZ000065,北方国际,12.38,1.2429519999999998,10.04,2025-02-24
58,SZ002580,圣阳股份,11.65,1.166165,10.01,2025-02-24
59,SZ300403,汉宇集团,16.65,1.340325,8.05,2025-02-24
60,SH688327,云从科技-UW,19.45,2.54406,13.08,2025-02-24
61,SZ300148,天舟文化,5.1,1.02,20.0,2025-02-24
62,SZ001696,宗申动力,27.02,1.091608,4.04,2025-02-24
63,SZ002312,川发龙蟒,13.81,0.986034,7.14,2025-02-24
64,SZ002361,神剑股份,5.71,0.5721419999999999,10.02,2025-02-24
65,SZ000880,潍柴重机,28.81,2.881,10.0,2025-02-24
66,SZ300276,三丰智能,14.68,-1.4342359999999998,-9.77,2025-02-24
67,SZ002456,欧菲光,13.96,0.22336,1.6,2025-02-24
68,SZ300153,科泰电源,32.99,4.6680850000000005,14.15,2025-02-24
69,SZ002321,华英农业,2.71,0.275336,10.16,2025-02-24
70,SZ002501,利源股份,2.28,0.2311919999999999,10.14,2025-02-24
71,SZ002080,中材科技,14.66,1.463068,9.98,2025-02-24
72,SZ001309,德明利,147.15,14.715,10.0,2025-02-24
73,SZ301382,蜂助手,47.64,9.528,20.0,2025-02-24
74,SZ000066,中国长城,16.7,0.56947,3.41,2025-02-24
75,SZ002765,蓝黛科技,12.31,1.232231,10.01,2025-02-24
76,SZ000063,中兴通讯,43.8,0.3942,0.9,2025-02-24
77,SZ002536,飞龙股份,16.87,1.681939,9.97,2025-02-24
78,SZ000930,中粮科技,5.86,0.582484,9.94,2025-02-24
79,SZ300077,国民技术,28.6,0.35464,1.24,2025-02-24
80,SZ300074,华平股份,5.83,1.163668,19.96,2025-02-24
81,SZ002583,海能达,14.64,0.550464,3.76,2025-02-24
82,SH603501,韦尔股份,150.0,-7.575,-5.05,2025-02-24
83,SH603667,五洲新春,45.13,2.179779,4.83,2025-02-24
84,SZ300503,昊志机电,30.0,2.8710000000000004,9.57,2025-02-24
85,SZ000949,新乡化纤,4.5,0.4508999999999999,10.02,2025-02-24
86,SZ000887,中鼎股份,20.92,1.228004,5.87,2025-02-24
87,SZ002354,天娱数科,7.7,-0.39809,-5.17,2025-02-24
88,SZ002044,美年健康,6.74,-0.473822,-7.03,2025-02-24
89,SZ300245,天玑科技,18.7,0.83589,4.47,2025-02-24
90,SZ002126,银轮股份,33.0,2.9997,9.09,2025-02-24
91,SH603085,天成自控,13.06,1.309918,10.03,2025-02-24
92,SZ000034,神州数码,57.85,0.79833,1.38,2025-02-24
93,SZ002195,岩山科技,4.97,-0.255955,-5.15,2025-02-24
94,SH603118,共进股份,12.05,1.2110250000000002,10.05,2025-02-24
95,SH603956,威派格,10.0,-0.157,-1.57,2025-02-24
96,SZ002364,中恒电气,19.37,0.7147530000000001,3.69,2025-02-24
97,SZ002290,禾盛新材,26.52,2.652,10.0,2025-02-24
98,SH603259,药明康德,63.61,-4.465422,-7.02,2025-02-24
99,SH605100,华丰股份,17.3,1.7265400000000002,9.98,2025-02-24
100,SZ002401,中远海科,18.69,1.870869,10.01,2025-02-24
1,SZ002031,巨轮智能,10.46,1.0449540000000002,9.99,2025-02-25
2,SH600126,杭钢股份,12.16,1.22208,10.05,2025-02-25
3,SZ002261,拓维信息,37.37,-3.737,-10.0,2025-02-25
4,SZ000158,常山北明,28.17,0.7183350000000001,2.55,2025-02-25
5,SH600602,云赛智联,28.8,2.25216,7.82,2025-02-25
6,SZ002065,东华软件,13.16,-1.150184,-8.74,2025-02-25
7,SZ000816,智慧农业,4.59,0.462213,10.07,2025-02-25
8,SZ002456,欧菲光,14.51,0.5716939999999999,3.94,2025-02-25
9,SH600203,福日电子,12.17,1.221868,10.04,2025-02-25
10,SZ002369,卓翼科技,12.53,1.2542529999999998,10.01,2025-02-25
11,SZ000066,中国长城,17.69,1.049017,5.93,2025-02-25
12,SZ300251,光线传媒,24.48,-2.3574240000000004,-9.63,2025-02-25
13,SZ000536,华映科技,5.96,0.593616,9.96,2025-02-25
14,SZ000818,航锦科技,32.8,-3.27672,-9.99,2025-02-25
15,SH603881,数据港,40.99,-1.4469470000000002,-3.53,2025-02-25
16,SH688256,寒武纪-U,790.38,10.116864,1.28,2025-02-25
17,SZ300245,天玑科技,20.95,2.520285,12.03,2025-02-25
18,SZ000801,四川九洲,18.56,1.859712,10.02,2025-02-25
19,SZ300718,长盛轴承,107.5,6.80475,6.33,2025-02-25
20,SH600839,四川长虹,12.23,-0.4892,-4.0,2025-02-25
21,SZ002085,万丰奥威,20.87,-0.536359,-2.57,2025-02-25
22,SZ002527,新时达,18.31,0.314932,1.72,2025-02-25
23,SH603956,威派格,11.0,1.1,10.0,2025-02-25
24,SH600100,同方股份,9.35,-0.128095,-1.37,2025-02-25
25,SH600580,卧龙电驱,29.29,0.612161,2.09,2025-02-25
26,SZ300134,大富科技,15.38,3.071386,19.97,2025-02-25
27,SZ300059,东方财富,23.7,-0.4123799999999999,-1.74,2025-02-25
28,SZ002896,中大力德,96.09,8.965197,9.33,2025-02-25
29,SH601727,上海电气,8.91,0.070389,0.79,2025-02-25
30,SZ002131,利欧股份,4.38,-0.182208,-4.16,2025-02-25
31,SZ002599,盛通股份,13.11,-0.3120179999999999,-2.38,2025-02-25
32,SH601177,杭齿前进,17.5,-0.3727499999999999,-2.13,2025-02-25
33,SZ300068,南都电源,20.21,1.400553,6.93,2025-02-25
34,SZ002580,圣阳股份,12.82,1.2871279999999998,10.04,2025-02-25
35,SZ300607,拓斯达,39.99,2.951262,7.38,2025-02-25
36,SZ002765,蓝黛科技,13.53,1.340823,9.91,2025-02-25
37,SH600797,浙大网新,11.0,-0.6314,-5.74,2025-02-25
38,SH603667,五洲新春,48.36,3.4625760000000003,7.16,2025-02-25
39,SZ300488,恒锋工具,50.65,10.13,20.0,2025-02-25
40,SZ000980,众泰汽车,2.39,0.206496,8.64,2025-02-25
41,SH603915,国茂股份,20.48,2.045952,9.99,2025-02-25
42,SZ300766,每日互动,52.65,1.279395,2.43,2025-02-25
43,SZ002097,山河智能,8.86,0.8913159999999999,10.06,2025-02-25
44,SZ003021,兆威机电,143.58,14.099556000000002,9.82,2025-02-25
45,SZ300895,铜牛信息,53.27,6.317822,11.86,2025-02-25
46,SZ002123,梦网科技,17.68,0.4508399999999999,2.55,2025-02-25
47,SZ301101,明月镜片,61.61,6.413601,10.41,2025-02-25
48,SH600589,大位科技,5.76,0.5713919999999999,9.92,2025-02-25
49,SZ301382,蜂助手,55.5,9.1575,16.5,2025-02-25
50,SH603626,科森科技,9.56,0.956956,10.01,2025-02-25
51,SZ002501,利源股份,2.51,0.2532589999999999,10.09,2025-02-25
52,SH600633,浙数文化,15.53,-1.5561059999999998,-10.02,2025-02-25
53,SZ300738,奥飞数据,23.1,0.93555,4.05,2025-02-25
54,SZ000868,安凯客车,7.21,0.726768,10.08,2025-02-25
55,SH603085,天成自控,14.37,1.4413109999999998,10.03,2025-02-25
56,SH688343,云天励飞-U,82.26,16.452,20.0,2025-02-25
57,SZ000892,欢瑞世纪,4.68,0.473616,10.12,2025-02-25
58,SZ300383,光环新网,22.95,1.1222549999999998,4.89,2025-02-25
59,SZ000880,潍柴重机,31.69,3.1690000000000005,10.0,2025-02-25
60,SZ300846,首都在线,27.49,2.00677,7.3,2025-02-25
61,SZ300293,蓝英装备,26.87,3.124981,11.63,2025-02-25
62,SZ300403,汉宇集团,17.95,1.401895,7.81,2025-02-25
63,SZ000887,中鼎股份,22.32,1.493208,6.69,2025-02-25
64,SZ000977,浪潮信息,64.97,-2.092034,-3.22,2025-02-25
65,SZ002298,中电兴发,6.44,0.649796,10.09,2025-02-25
66,SZ300328,宜安科技,10.42,1.6442759999999998,15.78,2025-02-25
67,SH600143,金发科技,12.9,-0.8501099999999999,-6.59,2025-02-25
68,SH603166,福达股份,11.19,1.122357,10.03,2025-02-25
69,SH601127,赛力斯,127.98,4.415310000000001,3.45,2025-02-25
70,SZ002889,东方嘉盛,22.56,2.256,10.0,2025-02-25
71,SZ002354,天娱数科,7.81,0.1116829999999999,1.43,2025-02-25
72,SH600355,精伦电子,4.16,0.41808,10.05,2025-02-25
73,SZ300508,维宏股份,37.54,7.511754000000001,20.01,2025-02-25
74,SH605100,华丰股份,19.03,1.903,10.0,2025-02-25
75,SH600590,泰豪科技,8.98,-0.214622,-2.39,2025-02-25
76,SZ000938,紫光股份,33.12,0.1192319999999999,0.36,2025-02-25
77,SZ000710,贝瑞基因,14.33,0.758057,5.29,2025-02-25
78,SZ000815,美利云,13.3,0.80598,6.06,2025-02-25
79,SH605208,永茂泰,10.19,1.023076,10.04,2025-02-25
80,SZ002522,浙江众成,6.08,0.050464,0.83,2025-02-25
81,SZ002335,科华数据,50.26,-1.814386,-3.61,2025-02-25
82,SH600246,万通发展,6.9,0.6934500000000001,10.05,2025-02-25
83,SZ300339,润和软件,60.54,-1.204746,-1.99,2025-02-25
84,SH600280,中央商场,3.77,0.373607,9.91,2025-02-25
85,SH600446,金证股份,19.79,1.980979,10.01,2025-02-25
86,SZ300324,旋极信息,4.54,0.438564,9.66,2025-02-25
87,SH603300,海南华铁,10.0,-0.4759999999999999,-4.76,2025-02-25
88,SZ301181,标榜股份,26.95,5.387304999999999,19.99,2025-02-25
89,SH600996,贵广网络,10.0,1.001,10.01,2025-02-25
90,SZ000034,神州数码,53.7,-3.85029,-7.17,2025-02-25
91,SZ000032,深桑达Ａ,30.57,-0.730623,-2.39,2025-02-25
92,SZ002824,和胜股份,19.18,1.914164,9.98,2025-02-25
93,SH600302,标准股份,6.04,0.605208,10.02,2025-02-25
94,SH600120,浙江东方,7.4,0.08066,1.09,2025-02-25
95,SZ002929,润建股份,64.99,-5.45916,-8.4,2025-02-25
96,SZ301090,华润材料,8.36,1.666984,19.94,2025-02-25
97,SZ000063,中兴通讯,42.5,-1.26225,-2.97,2025-02-25
98,SZ301013,利和兴,16.8,2.71824,16.18,2025-02-25
99,SZ300153,科泰电源,35.55,2.75868,7.76,2025-02-25
100,SH600519,贵州茅台,1454.0,-24.5726,-1.69,2025-02-25
61,SH603956,威派格,10.92,-0.079716,-0.73,2025-02-26
78,SH603300,海南华铁,10.43,0.4484899999999999,4.3,2025-02-26
80,SZ300738,奥飞数据,22.41,-0.6700590000000001,-2.99,2025-02-26
82,SZ300766,每日互动,52.0,-0.6396000000000001,-1.23,2025-02-26
85,SH603662,柯力传感,85.37,2.117176,2.48,2025-02-26
86,SZ002126,银轮股份,33.1,2.24087,6.77,2025-02-26
89,SZ002312,川发龙蟒,13.85,0.6495650000000001,4.69,2025-02-26
90,SZ002123,梦网科技,17.81,0.131794,0.74,2025-02-26
92,SZ002881,美格智能,59.37,3.413775,5.75,2025-02-26
98,SH600100,同方股份,9.17,-0.176981,-1.93,2025-02-26
99,SZ002195,岩山科技,5.01,0.133266,2.66,2025-02-26
1,SH600126,杭钢股份,13.38,1.342014,10.03,2025-02-26
2,SH601881,中国银河,16.2,1.61676,9.98,2025-02-26
3,SH601995,中金公司,36.43,3.639357,9.99,2025-02-26
4,SZ002031,巨轮智能,10.5,0.0399,0.38,2025-02-26
5,SZ002261,拓维信息,37.56,0.191556,0.51,2025-02-26
6,SH603667,五洲新春,53.2,5.3253200000000005,10.01,2025-02-26
7,SZ002402,和而泰,23.08,2.310308,10.01,2025-02-26
8,SZ300403,汉宇集团,21.02,3.59442,17.1,2025-02-26
9,SZ000981,山子高科,2.4,0.24216,10.09,2025-02-26
10,SZ300059,东方财富,24.4,0.7198,2.95,2025-02-26
11,SZ300031,宝通科技,31.45,6.286854999999999,19.99,2025-02-26
12,SZ000158,常山北明,27.41,-0.74007,-2.7,2025-02-26
13,SZ000536,华映科技,6.18,0.2280419999999999,3.69,2025-02-26
14,SH601177,杭齿前进,19.25,1.925,10.0,2025-02-26
15,SZ300083,创世纪,9.52,1.90876,20.05,2025-02-26
16,SH603626,科森科技,10.52,1.0562079999999998,10.04,2025-02-26
17,SZ002896,中大力德,105.7,10.57,10.0,2025-02-26
18,SH600203,福日电子,13.0,0.8865999999999999,6.82,2025-02-26
19,SZ300245,天玑科技,25.14,5.0280000000000005,20.0,2025-02-26
20,SZ300730,科创信息,16.6,3.3249800000000005,20.03,2025-02-26
21,SZ002520,日发精机,8.62,0.85769,9.95,2025-02-26
22,SZ002152,广电运通,15.73,1.5730000000000002,10.0,2025-02-26
23,SZ300846,首都在线,31.26,4.2857460000000005,13.71,2025-02-26
24,SZ002369,卓翼科技,12.47,-0.059856,-0.48,2025-02-26
25,SZ002065,东华软件,12.6,-0.5367599999999999,-4.26,2025-02-26
26,SZ920002,万达轴承,188.5,56.55,30.0,2025-02-26
27,SH600580,卧龙电驱,29.02,-0.266984,-0.92,2025-02-26
28,SZ003021,兆威机电,157.94,15.794,10.0,2025-02-26
29,SZ002580,圣阳股份,14.1,1.40718,9.98,2025-02-26
30,SZ000980,众泰汽车,2.63,0.2640519999999999,10.04,2025-02-26
31,SZ000887,中鼎股份,24.26,2.108194,8.69,2025-02-26
32,SZ002245,蔚蓝锂芯,16.06,1.320132,8.22,2025-02-26
33,SZ002276,万马股份,11.88,1.1880000000000002,10.0,2025-02-26
34,SZ002434,万里扬,7.77,0.7816620000000001,10.06,2025-02-26
35,SZ002654,万润科技,14.99,1.496002,9.98,2025-02-26
36,SH600602,云赛智联,27.51,-1.2324480000000002,-4.48,2025-02-26
37,SZ000815,美利云,14.63,1.463,10.0,2025-02-26
38,SH600589,大位科技,6.34,0.6384380000000001,10.07,2025-02-26
39,SZ002522,浙江众成,6.69,0.671007,10.03,2025-02-26
40,SH603496,恒为科技,31.49,3.145851,9.99,2025-02-26
41,SH600355,精伦电子,4.58,0.4625799999999999,10.1,2025-02-26
42,SZ002130,沃尔核材,25.88,1.6822,6.5,2025-02-26
43,SZ000816,智慧农业,4.31,-0.26291,-6.1,2025-02-26
44,SZ300718,长盛轴承,106.67,-0.8213590000000001,-0.77,2025-02-26
45,SZ300251,光线传媒,24.51,0.029412,0.12,2025-02-26
46,SZ002673,西部证券,8.54,0.7036959999999999,8.24,2025-02-26
47,SZ002067,景兴纸业,4.83,0.483966,10.02,2025-02-26
48,SH601012,隆基绿能,17.43,1.038828,5.96,2025-02-26
49,SZ000892,欢瑞世纪,5.15,0.51706,10.04,2025-02-26
50,SH600835,上海机电,24.07,2.409407,10.01,2025-02-26
51,SZ002474,榕基软件,9.02,0.902,10.0,2025-02-26
52,SZ300539,横河精密,16.2,3.24,20.0,2025-02-26
53,SZ002456,欧菲光,14.39,-0.119437,-0.83,2025-02-26
54,SZ300421,力星股份,17.8,3.5653400000000004,20.03,2025-02-26
55,SH600839,四川长虹,11.93,-0.292285,-2.45,2025-02-26
56,SZ002689,远大智能,4.64,0.4616799999999999,9.95,2025-02-26
57,SZ000032,深桑达Ａ,32.5,2.05075,6.31,2025-02-26
58,SH603663,三祥新材,23.44,2.344,10.0,2025-02-26
59,SH600590,泰豪科技,9.88,0.989976,10.02,2025-02-26
60,SZ300296,利亚德,8.29,0.6938729999999999,8.37,2025-02-26
61,SH603019,中科曙光,78.2,2.15832,2.76,2025-02-26
62,SZ000829,天音控股,12.39,1.243956,10.04,2025-02-26
63,SZ300075,数字政通,23.45,2.11519,9.02,2025-02-26
64,SZ000717,中南股份,3.06,0.308142,10.07,2025-02-26
65,SH603881,数据港,39.0,-1.8915,-4.85,2025-02-26
66,SZ002046,国机精工,17.52,1.748496,9.98,2025-02-26
67,SH605100,华丰股份,20.93,2.088814,9.98,2025-02-26
68,SZ002501,利源股份,2.76,0.274896,9.96,2025-02-26
69,SZ002176,江特电机,9.0,0.7704000000000001,8.56,2025-02-26
70,SZ002324,普利特,11.09,1.111218,10.02,2025-02-26
71,SZ000818,航锦科技,31.64,-1.120056,-3.54,2025-02-26
72,SZ301003,江苏博云,28.14,5.627999999999999,20.0,2025-02-26
73,SZ002600,领益智造,10.78,0.38269,3.55,2025-02-26
74,SH600581,八一钢铁,3.44,0.34056,9.9,2025-02-26
75,SH601727,上海电气,8.93,0.019646,0.22,2025-02-26
76,SZ002921,联诚精密,14.23,1.4187310000000002,9.97,2025-02-26
77,SH603767,中马传动,14.4,1.44144,10.01,2025-02-26
78,SZ002599,盛通股份,13.62,0.529818,3.89,2025-02-26
79,SZ002426,胜利精密,3.74,0.189244,5.06,2025-02-26
80,SZ002527,新时达,17.76,-0.5328,-3.0,2025-02-26
81,SZ002131,利欧股份,4.36,-0.020056,-0.46,2025-02-26
82,SH603002,宏昌电子,6.89,0.693134,10.06,2025-02-26
83,SZ300214,日科化学,8.39,1.680517,20.03,2025-02-26
84,SZ002681,奋达科技,9.24,0.364056,3.94,2025-02-26
85,SH600302,标准股份,6.64,0.6593519999999999,9.93,2025-02-26
86,SZ000977,浪潮信息,65.08,0.110636,0.17,2025-02-26
87,SH600143,金发科技,12.99,0.09093,0.7,2025-02-26
88,SZ002334,英威腾,10.58,0.5353479999999999,5.06,2025-02-26
89,SZ300458,全志科技,55.86,2.2344,4.0,2025-02-26
90,SH600586,金晶科技,5.58,0.5613480000000001,10.06,2025-02-26
91,SZ002523,天桥起重,3.86,0.384842,9.97,2025-02-26
92,SZ000932,华菱钢铁,4.88,0.483608,9.91,2025-02-26
93,SZ000066,中国长城,17.27,-0.409299,-2.37,2025-02-26
94,SZ002110,三钢闽光,4.02,0.407628,10.14,2025-02-26
95,SZ002048,宁波华翔,13.75,1.375,10.0,2025-02-26
96,SZ002050,三花智控,34.72,0.736064,2.12,2025-02-26
97,SZ002747,埃斯顿,25.6,1.2160000000000002,4.75,2025-02-26
98,SH603712,七一二,19.42,1.947826,10.03,2025-02-26
99,SZ002085,万丰奥威,21.01,0.140767,0.67,2025-02-26
100,SH601162,天风证券,4.8,0.144,3.0,2025-02-26
1,SH600126,杭钢股份,14.72,1.473472,10.01,2025-02-27
2,SH601881,中国银河,17.82,1.7819999999999998,10.0,2025-02-27
3,SZ002031,巨轮智能,10.8,0.30888,2.86,2025-02-27
4,SZ002369,卓翼科技,13.72,1.374744,10.02,2025-02-27
5,SZ002261,拓维信息,35.25,-2.1678750000000004,-6.15,2025-02-27
6,SZ000759,中百集团,9.99,1.000998,10.02,2025-02-27
7,SH601995,中金公司,38.87,2.60429,6.7,2025-02-27
8,SZ002276,万马股份,13.07,1.309614,10.02,2025-02-27
9,SZ300031,宝通科技,36.88,6.369176,17.27,2025-02-27
10,SZ002580,圣阳股份,15.51,1.551,10.0,2025-02-27
11,SZ002896,中大力德,116.27,11.627,10.0,2025-02-27
12,SZ002582,好想你,10.73,1.0783650000000002,10.05,2025-02-27
13,SZ002402,和而泰,24.01,0.967603,4.03,2025-02-27
14,SZ000158,常山北明,27.99,0.593388,2.12,2025-02-27
15,SH603496,恒为科技,34.64,3.464,10.0,2025-02-27
16,SZ002065,东华软件,12.96,0.370656,2.86,2025-02-27
17,SZ000785,居然智家,4.75,0.4726249999999999,9.95,2025-02-27
18,SZ300738,奥飞数据,24.88,2.741776,11.02,2025-02-27
19,SZ300059,东方财富,24.13,-0.267843,-1.11,2025-02-27
20,SZ300473,德尔股份,29.79,4.700862,15.78,2025-02-27
21,SZ300245,天玑科技,27.72,2.844072,10.26,2025-02-27
22,SZ002611,东方精工,13.73,0.985814,7.18,2025-02-27
23,SZ000882,华联股份,2.82,0.286512,10.16,2025-02-27
24,SH600210,紫江企业,7.04,0.7040000000000001,10.0,2025-02-27
25,SH600589,大位科技,6.97,0.6928179999999999,9.94,2025-02-27
26,SZ300846,首都在线,33.33,2.206446,6.62,2025-02-27
27,SH600693,东百集团,6.16,0.616,10.0,2025-02-27
28,SH600602,云赛智联,24.99,-2.289084,-9.16,2025-02-27
29,SH603118,共进股份,14.64,1.462536,9.99,2025-02-27
30,SZ300459,汤姆猫,7.06,0.584568,8.28,2025-02-27
31,SH688327,云从科技-UW,23.84,4.763232,19.98,2025-02-27
32,SZ002298,中电兴发,7.13,0.715139,10.03,2025-02-27
33,SZ000058,深 赛 格,8.87,0.891435,10.05,2025-02-27
34,SZ002406,远东传动,7.99,0.803794,10.06,2025-02-27
35,SH605100,华丰股份,23.02,2.299698,9.99,2025-02-27
36,SZ300403,汉宇集团,21.19,0.171639,0.81,2025-02-27
37,SZ300251,光线传媒,24.28,-0.228232,-0.94,2025-02-27
38,SH603667,五洲新春,49.1,-3.78561,-7.71,2025-02-27
39,SZ300007,汉威科技,50.9,6.10291,11.99,2025-02-27
40,SZ000564,供销大集,3.14,0.157628,5.02,2025-02-27
41,SH603200,上海洗霸,34.05,3.41181,10.02,2025-02-27
42,SZ002741,光华科技,19.57,1.958957,10.01,2025-02-27
43,SH605179,一鸣食品,21.67,2.1670000000000003,10.0,2025-02-27
44,SZ000981,山子高科,2.37,-0.029625,-1.25,2025-02-27
45,SH603777,来伊份,16.14,1.617228,10.02,2025-02-27
46,SZ000818,航锦科技,32.7,1.0954500000000005,3.35,2025-02-27
47,SH603660,苏州科达,8.94,0.890424,9.96,2025-02-27
48,SZ002910,庄园牧场,13.15,1.3202599999999998,10.04,2025-02-27
49,SZ300068,南都电源,20.88,0.43848,2.1,2025-02-27
50,SZ000530,冰山冷热,6.18,0.6155280000000001,9.96,2025-02-27
51,SZ002187,广百股份,7.72,0.769684,9.97,2025-02-27
52,SZ301366,一博科技,68.48,13.689152,19.99,2025-02-27
53,SZ002747,埃斯顿,27.48,2.017032,7.34,2025-02-27
54,SH600778,友好集团,7.12,0.7155600000000001,10.05,2025-02-27
55,SZ002527,新时达,18.9,1.21338,6.42,2025-02-27
56,SH600729,重庆百货,33.51,3.354351,10.01,2025-02-27
57,SH600592,龙溪股份,16.12,1.6168360000000002,10.03,2025-02-27
58,SH605378,野马电池,26.84,2.684,10.0,2025-02-27
59,SZ001306,夏厦精密,103.38,10.338,10.0,2025-02-27
60,SH603300,海南华铁,11.03,0.634225,5.75,2025-02-27
61,SZ002660,茂硕电源,12.08,1.210416,10.02,2025-02-27
62,SZ002048,宁波华翔,15.13,1.519052,10.04,2025-02-27
63,SH600519,贵州茅台,1485.56,25.9973,1.75,2025-02-27
64,SH603085,天成自控,15.38,1.539538,10.01,2025-02-27
65,SZ300458,全志科技,56.95,1.110525,1.95,2025-02-27
66,SZ920002,万达轴承,245.05,73.515,30.0,2025-02-27
67,SZ002575,群兴玩具,10.32,1.034064,10.02,2025-02-27
68,SH605066,天正电气,7.33,0.737398,10.06,2025-02-27
69,SH605300,佳禾食品,16.75,1.6716500000000003,9.98,2025-02-27
70,SH601956,东贝集团,5.98,0.593814,9.93,2025-02-27
71,SH600841,动力新科,6.23,0.6273610000000001,10.07,2025-02-27
72,SH600238,海南椰岛,6.38,0.638,10.0,2025-02-27
73,SZ301135,瑞德智能,31.06,6.218211999999999,20.02,2025-02-27
74,SZ300746,汉嘉设计,13.67,2.736734,20.02,2025-02-27
75,SH600839,四川长虹,11.86,-0.069974,-0.59,2025-02-27
76,SH603072,天和磁材,37.87,3.783213,9.99,2025-02-27
77,SH600580,卧龙电驱,28.04,-0.947752,-3.38,2025-02-27
78,SZ300915,海融科技,38.4,7.68,20.0,2025-02-27
79,SZ300229,拓尔思,28.26,1.853856,6.56,2025-02-27
80,SH605208,永茂泰,11.62,1.166648,10.04,2025-02-27
81,SZ002163,海南发展,9.89,0.989989,10.01,2025-02-27
82,SZ002717,岭南股份,4.02,0.2215019999999999,5.51,2025-02-27
83,SZ002354,天娱数科,7.88,0.184392,2.34,2025-02-27
84,SH600076,康欣新材,2.49,0.253482,10.18,2025-02-27
85,SH688256,寒武纪-U,796.0,1.0348,0.13,2025-02-27
86,SZ002456,欧菲光,13.96,-0.4174040000000001,-2.99,2025-02-27
87,SZ300718,长盛轴承,101.51,-4.9130840000000005,-4.84,2025-02-27
88,SZ002131,利欧股份,4.23,-0.126054,-2.98,2025-02-27
89,SH603336,宏辉果蔬,4.86,0.48357,9.95,2025-02-27
90,SH603663,三祥新材,25.4,2.12344,8.36,2025-02-27
91,SZ000032,深桑达Ａ,29.25,-2.925,-10.0,2025-02-27
92,SZ002277,友阿股份,6.11,0.450918,7.38,2025-02-27
93,SH601727,上海电气,8.64,-0.2808,-3.25,2025-02-27
94,SZ000536,华映科技,5.74,-0.408688,-7.12,2025-02-27
95,SZ000796,凯撒旅业,3.99,0.395808,9.92,2025-02-27
96,SH600203,福日电子,11.86,-1.040122,-8.77,2025-02-27
97,SZ300766,每日互动,52.3,0.3033399999999999,0.58,2025-02-27
98,SZ002306,中科云网,2.88,0.2856959999999999,9.92,2025-02-27
99,SZ000816,智慧农业,3.93,-0.346626,-8.82,2025-02-27
100,SZ002501,利源股份,2.48,-0.251472,-10.14,2025-02-27
1,SH600126,杭钢股份,13.25,-1.3236750000000002,-9.99,2025-02-28
2,SH603496,恒为科技,38.1,3.80619,9.99,2025-02-28
3,SH600206,有研新材,20.8,2.07792,9.99,2025-02-28
4,SZ002369,卓翼科技,13.08,-0.6095280000000001,-4.66,2025-02-28
5,SZ002582,好想你,11.8,1.17646,9.97,2025-02-28
6,SZ002276,万马股份,14.38,1.440876,10.02,2025-02-28
7,SZ002261,拓维信息,33.5,-1.6616,-4.96,2025-02-28
8,SH603200,上海洗霸,37.46,3.749746,10.01,2025-02-28
9,SZ000759,中百集团,10.47,0.50256,4.8,2025-02-28
10,SZ002167,东方锆业,9.79,0.979,10.0,2025-02-28
11,SH603663,三祥新材,27.94,2.7940000000000005,10.0,2025-02-28
12,SH601881,中国银河,16.66,-1.084566,-6.51,2025-02-28
13,SZ002298,中电兴发,7.84,0.7808640000000001,9.96,2025-02-28
14,SZ002031,巨轮智能,9.97,-0.7666930000000001,-7.69,2025-02-28
15,SH605100,华丰股份,25.32,2.529468,9.99,2025-02-28
16,SH600589,大位科技,7.41,0.467571,6.31,2025-02-28
17,SZ000158,常山北明,25.19,-2.519,-10.0,2025-02-28
18,SH600693,东百集团,6.78,0.682068,10.06,2025-02-28
19,SZ002065,东华软件,11.66,-1.169498,-10.03,2025-02-28
20,SZ300059,东方财富,23.23,-0.8664790000000001,-3.73,2025-02-28
21,SH601789,宁波建工,6.13,0.6160650000000001,10.05,2025-02-28
22,SH603660,苏州科达,9.44,0.5276959999999999,5.59,2025-02-28
23,SZ002178,延华智能,7.58,0.7587579999999999,10.01,2025-02-28
24,SZ300251,光线传媒,23.91,-0.363432,-1.52,2025-02-28
25,SH600238,海南椰岛,7.02,0.7041059999999999,10.03,2025-02-28
26,SH600811,东方集团,2.14,-0.157504,-7.36,2025-02-28
27,SH600519,贵州茅台,1500.79,15.458137,1.03,2025-02-28
28,SZ300031,宝通科技,38.78,1.99717,5.15,2025-02-28
29,SZ000678,襄阳轴承,8.69,0.8689999999999999,10.0,2025-02-28
30,SZ300766,每日互动,53.33,1.050601,1.97,2025-02-28
31,SH600734,实达集团,4.8,0.48432,10.09,2025-02-28
32,SZ000536,华映科技,5.91,0.174936,2.96,2025-02-28
33,SH600696,岩石股份,12.28,1.2329119999999998,10.04,2025-02-28
34,SH600470,六国化工,6.05,0.605,10.0,2025-02-28
35,SZ002896,中大力德,104.64,-10.464,-10.0,2025-02-28
36,SZ002580,圣阳股份,14.93,-0.558382,-3.74,2025-02-28
37,SH601995,中金公司,35.27,-3.2660020000000003,-9.26,2025-02-28
38,SH600665,天地源,3.26,0.3305639999999999,10.14,2025-02-28
39,SZ300076,GQY视讯,8.2,1.6449199999999995,20.06,2025-02-28
40,SH600839,四川长虹,11.27,-0.5601189999999999,-4.97,2025-02-28
41,SH603887,城地香江,20.15,1.209,6.0,2025-02-28
42,SZ002195,岩山科技,5.0,0.0504999999999999,1.01,2025-02-28
43,SZ002575,群兴玩具,11.35,1.13273,9.98,2025-02-28
44,SZ301182,凯旺科技,49.18,9.840918,20.01,2025-02-28
45,SZ002140,东华科技,10.07,1.012035,10.05,2025-02-28
46,SZ300718,长盛轴承,92.9,-7.877920000000001,-8.48,2025-02-28
47,SH603667,五洲新春,46.58,-2.389554,-5.13,2025-02-28
48,SZ002402,和而泰,21.61,-2.161,-10.0,2025-02-28
49,SH600602,云赛智联,22.49,-2.249,-10.0,2025-02-28
50,SH605066,天正电气,8.06,0.802776,9.96,2025-02-28
51,SZ000036,华联控股,4.29,0.429,10.0,2025-02-28
52,SZ002123,梦网科技,17.6,0.11088,0.63,2025-02-28
53,SH688256,寒武纪-U,735.44,-55.966984,-7.61,2025-02-28
54,SZ300308,中际旭创,100.87,-6.818812,-6.76,2025-02-28
55,SZ301396,宏景科技,60.58,12.122058,20.01,2025-02-28
56,SZ000063,中兴通讯,38.66,-1.7396999999999998,-4.5,2025-02-28
57,SZ002207,准油股份,5.82,0.583164,10.02,2025-02-28
58,SH605300,佳禾食品,18.43,1.848529,10.03,2025-02-28
59,SH603690,至纯科技,28.61,2.861,10.0,2025-02-28
60,SH603626,科森科技,10.58,0.330096,3.12,2025-02-28
61,SZ002354,天娱数科,7.09,-0.7111269999999998,-10.03,2025-02-28
62,SH603037,凯众股份,19.38,1.936062,9.99,2025-02-28
63,SZ002227,奥 特 迅,12.52,1.2545039999999998,10.02,2025-02-28
64,SZ300191,潜能恒信,16.24,3.252872,20.03,2025-02-28
65,SZ300687,赛意信息,29.3,4.79348,16.36,2025-02-28
66,SZ300302,同有科技,20.97,1.709055,8.15,2025-02-28
67,SH601177,杭齿前进,17.36,-0.7916159999999999,-4.56,2025-02-28
68,SZ300846,首都在线,31.12,-2.063256,-6.63,2025-02-28
69,SH600884,杉杉股份,8.25,0.38775,4.7,2025-02-28
70,SZ300083,创世纪,9.19,0.1838,2.0,2025-02-28
71,SZ002131,利欧股份,3.98,-0.2352179999999999,-5.91,2025-02-28
72,SH600580,卧龙电驱,25.65,-2.18538,-8.52,2025-02-28
73,SZ301022,海泰科,28.92,5.784000000000001,20.0,2025-02-28
74,SZ002616,长青集团,6.31,0.626583,9.93,2025-02-28
75,SZ001359,平安电工,29.83,2.980017,9.99,2025-02-28
76,SZ002456,欧菲光,13.7,-0.25482,-1.86,2025-02-28
77,SH603118,共进股份,14.01,-0.6024299999999999,-4.3,2025-02-28
78,SZ002692,远程股份,5.54,0.5495680000000001,9.92,2025-02-28
79,SZ920002,万达轴承,230.0,-14.121999999999998,-6.14,2025-02-28
80,SH601933,永辉超市,5.33,0.0506349999999999,0.95,2025-02-28
81,SZ000570,苏常柴Ａ,5.97,0.5934179999999999,9.94,2025-02-28
82,SZ300068,南都电源,20.81,-0.070754,-0.34,2025-02-28
83,SZ300007,汉威科技,43.2,-6.536160000000001,-15.13,2025-02-28
84,SZ300245,天玑科技,24.53,-2.8234030000000003,-11.51,2025-02-28
85,SH603683,晶华新材,12.23,1.220554,9.98,2025-02-28
86,SZ300738,奥飞数据,22.38,-2.24919,-10.05,2025-02-28
87,SH603300,海南华铁,9.99,-0.942057,-9.43,2025-02-28
88,SH600622,光大嘉宝,3.95,0.199475,5.05,2025-02-28
89,SZ000818,航锦科技,31.45,-1.20139,-3.82,2025-02-28
90,SZ002307,北新路桥,4.47,0.3330149999999999,7.45,2025-02-28
91,SZ002527,新时达,17.24,-1.5136719999999997,-8.78,2025-02-28
92,SH605398,新炬网络,40.7,2.82458,6.94,2025-02-28
93,SH601727,上海电气,8.16,-0.453696,-5.56,2025-02-28
94,SH603595,东尼电子,21.25,2.122875,9.99,2025-02-28
95,SZ000977,浪潮信息,59.21,-3.386812,-5.72,2025-02-28
96,SZ300458,全志科技,54.49,-2.353968,-4.32,2025-02-28
97,SZ300473,德尔股份,31.33,1.619761,5.17,2025-02-28
98,SZ002382,蓝帆医疗,5.51,0.549898,9.98,2025-02-28
99,SZ300403,汉宇集团,20.16,-0.979776,-4.86,2025-02-28
100,SH603958,哈森股份,16.26,1.6276260000000002,10.01,2025-02-28
1,SH600811,东方集团,2.14,-0.157504,-7.36,2025-03-01
2,SH600206,有研新材,20.8,2.07792,9.99,2025-03-01
3,SZ002167,东方锆业,9.79,0.979,10.0,2025-03-01
4,SH603200,上海洗霸,37.46,3.749746,10.01,2025-03-01
5,SH603496,恒为科技,38.1,3.80619,9.99,2025-03-01
6,SH603663,三祥新材,27.94,2.7940000000000005,10.0,2025-03-01
7,SZ002276,万马股份,14.38,1.440876,10.02,2025-03-01
8,SZ002582,好想你,11.8,1.17646,9.97,2025-03-01
9,SH600126,杭钢股份,13.25,-1.3236750000000002,-9.99,2025-03-01
10,SZ002298,中电兴发,7.84,0.7808640000000001,9.96,2025-03-01
11,SH601789,宁波建工,6.13,0.6160650000000001,10.05,2025-03-01
12,SH605100,华丰股份,25.32,2.529468,9.99,2025-03-01
13,SZ002178,延华智能,7.58,0.7587579999999999,10.01,2025-03-01
14,SZ300324,旋极信息,4.67,0.165785,3.55,2025-03-01
15,SH600734,实达集团,4.8,0.48432,10.09,2025-03-01
16,SZ300059,东方财富,23.23,-0.8664790000000001,-3.73,2025-03-01
17,SH600693,东百集团,6.78,0.682068,10.06,2025-03-01
18,SH600589,大位科技,7.41,0.467571,6.31,2025-03-01
19,SZ300031,宝通科技,38.78,1.99717,5.15,2025-03-01
20,SZ000678,襄阳轴承,8.69,0.8689999999999999,10.0,2025-03-01
21,SH600884,杉杉股份,8.25,0.38775,4.7,2025-03-01
22,SZ002261,拓维信息,33.5,-1.6616,-4.96,2025-03-01
23,SZ300458,全志科技,54.49,-2.353968,-4.32,2025-03-01
24,SH600519,贵州茅台,1500.79,15.458137,1.03,2025-03-01
25,SH600470,六国化工,6.05,0.605,10.0,2025-03-01
26,SZ002140,东华科技,10.07,1.012035,10.05,2025-03-01
27,SH600238,海南椰岛,7.02,0.7041059999999999,10.03,2025-03-01
28,SZ002575,群兴玩具,11.35,1.13273,9.98,2025-03-01
29,SZ002031,巨轮智能,9.97,-0.7666930000000001,-7.69,2025-03-01
30,SH605066,天正电气,8.06,0.802776,9.96,2025-03-01
31,SZ002195,岩山科技,5.0,0.0504999999999999,1.01,2025-03-01
32,SZ002065,东华软件,11.66,-1.169498,-10.03,2025-03-01
33,SZ300409,道氏技术,18.0,0.0306,0.17,2025-03-01
34,SH603683,晶华新材,12.23,1.220554,9.98,2025-03-01
35,SZ300251,光线传媒,23.91,-0.363432,-1.52,2025-03-01
36,SZ301022,海泰科,28.92,5.784000000000001,20.0,2025-03-01
37,SZ002369,卓翼科技,13.08,-0.6095280000000001,-4.66,2025-03-01
38,SH603037,凯众股份,19.38,1.936062,9.99,2025-03-01
39,SH603690,至纯科技,28.61,2.861,10.0,2025-03-01
40,SH603660,苏州科达,9.44,0.5276959999999999,5.59,2025-03-01
41,SZ002227,奥 特 迅,12.52,1.2545039999999998,10.02,2025-03-01
42,SZ300766,每日互动,53.33,1.050601,1.97,2025-03-01
43,SH605300,佳禾食品,18.43,1.848529,10.03,2025-03-01
44,SH600665,天地源,3.26,0.3305639999999999,10.14,2025-03-01
45,SZ001359,平安电工,29.83,2.980017,9.99,2025-03-01
46,SZ002580,圣阳股份,14.93,-0.558382,-3.74,2025-03-01
47,SH600696,岩石股份,12.28,1.2329119999999998,10.04,2025-03-01
48,SZ300473,德尔股份,31.33,1.619761,5.17,2025-03-01
49,SZ000759,中百集团,10.47,0.50256,4.8,2025-03-01
50,SZ300083,创世纪,9.19,0.1838,2.0,2025-03-01
51,SH603626,科森科技,10.58,0.330096,3.12,2025-03-01
52,SZ300076,GQY视讯,8.2,1.6449199999999995,20.06,2025-03-01
53,SZ301182,凯旺科技,49.18,9.840918,20.01,2025-03-01
54,SZ000036,华联控股,4.29,0.429,10.0,2025-03-01
55,SZ300068,南都电源,20.81,-0.070754,-0.34,2025-03-01
56,SZ002692,远程股份,5.54,0.5495680000000001,9.92,2025-03-01
57,SZ000158,常山北明,25.19,-2.519,-10.0,2025-03-01
58,SZ000570,苏常柴Ａ,5.97,0.5934179999999999,9.94,2025-03-01
59,SZ000833,粤桂股份,14.44,0.5602719999999999,3.88,2025-03-01
60,SZ300302,同有科技,20.97,1.709055,8.15,2025-03-01
61,SZ002207,准油股份,5.82,0.583164,10.02,2025-03-01
62,SH600210,紫江企业,7.23,0.19521,2.7,2025-03-01
63,SH603595,东尼电子,21.25,2.122875,9.99,2025-03-01
64,SZ300687,赛意信息,29.3,4.79348,16.36,2025-03-01
65,SZ002616,长青集团,6.31,0.626583,9.93,2025-03-01
66,SH600143,金发科技,12.01,-0.368707,-3.07,2025-03-01
67,SZ002245,蔚蓝锂芯,14.52,-1.1935440000000002,-8.22,2025-03-01
68,SH603887,城地香江,20.15,1.209,6.0,2025-03-01
69,SZ301396,宏景科技,60.58,12.122058,20.01,2025-03-01
70,SZ300035,中科电气,16.55,0.243285,1.47,2025-03-01
71,SH603958,哈森股份,16.26,1.6276260000000002,10.01,2025-03-01
72,SZ000536,华映科技,5.91,0.174936,2.96,2025-03-01
73,SZ002123,梦网科技,17.6,0.11088,0.63,2025-03-01
74,SZ002896,中大力德,104.64,-10.464,-10.0,2025-03-01
75,SZ300191,潜能恒信,16.24,3.252872,20.03,2025-03-01
76,SZ002382,蓝帆医疗,5.51,0.549898,9.98,2025-03-01
77,SZ002358,森源电气,5.86,0.294172,5.02,2025-03-01
78,SH600602,云赛智联,22.49,-2.249,-10.0,2025-03-01
79,SH600839,四川长虹,11.27,-0.5601189999999999,-4.97,2025-03-01
80,SH600580,卧龙电驱,25.65,-2.18538,-8.52,2025-03-01
81,SZ002428,云南锗业,20.33,0.941279,4.63,2025-03-01
82,SZ002882,金龙羽,18.55,0.53424,2.88,2025-03-01
83,SH603021,山东华鹏,4.74,0.4730520000000001,9.98,2025-03-01
84,SZ000063,中兴通讯,38.66,-1.7396999999999998,-4.5,2025-03-01
85,SZ003033,征和工业,36.48,3.651648,10.01,2025-03-01
86,SZ300846,首都在线,31.12,-2.063256,-6.63,2025-03-01
87,SZ000977,浪潮信息,59.21,-3.386812,-5.72,2025-03-01
88,SZ000034,神州数码,48.64,-0.1216,-0.25,2025-03-01
89,SZ300718,长盛轴承,92.9,-7.877920000000001,-8.48,2025-03-01
90,SZ300124,汇川技术,72.15,-5.151510000000001,-7.14,2025-03-01
91,SH603118,共进股份,14.01,-0.6024299999999999,-4.3,2025-03-01
92,SZ000818,航锦科技,31.45,-1.20139,-3.82,2025-03-01
93,SZ833284,灵鸽科技,27.92,8.370416,29.98,2025-03-01
94,SZ002402,和而泰,21.61,-2.161,-10.0,2025-03-01
95,SH601881,中国银河,16.66,-1.084566,-6.51,2025-03-01
96,SZ300403,汉宇集团,20.16,-0.979776,-4.86,2025-03-01
97,SZ300007,汉威科技,43.2,-6.536160000000001,-15.13,2025-03-01
98,SZ300296,利亚德,7.28,-0.647192,-8.89,2025-03-01
99,SZ002354,天娱数科,7.09,-0.7111269999999998,-10.03,2025-03-01
100,SZ002307,北新路桥,4.47,0.3330149999999999,7.45,2025-03-01
1,SH600206,有研新材,20.8,2.07792,9.99,2025-03-02
2,SH600811,东方集团,2.14,-0.157504,-7.36,2025-03-02
3,SZ002167,东方锆业,9.79,0.979,10.0,2025-03-02
4,SH603496,恒为科技,38.1,3.80619,9.99,2025-03-02
5,SH603200,上海洗霸,37.46,3.749746,10.01,2025-03-02
6,SH603663,三祥新材,27.94,2.7940000000000005,10.0,2025-03-02
7,SZ002276,万马股份,14.38,1.440876,10.02,2025-03-02
8,SZ002298,中电兴发,7.84,0.7808640000000001,9.96,2025-03-02
9,SZ002178,延华智能,7.58,0.7587579999999999,10.01,2025-03-02
10,SZ002582,好想你,11.8,1.17646,9.97,2025-03-02
11,SH601789,宁波建工,6.13,0.6160650000000001,10.05,2025-03-02
12,SH605100,华丰股份,25.32,2.529468,9.99,2025-03-02
13,SH600734,实达集团,4.8,0.48432,10.09,2025-03-02
14,SZ000678,襄阳轴承,8.69,0.8689999999999999,10.0,2025-03-02
15,SH603037,凯众股份,19.38,1.936062,9.99,2025-03-02
16,SZ002575,群兴玩具,11.35,1.13273,9.98,2025-03-02
17,SZ300302,同有科技,20.97,1.709055,8.15,2025-03-02
18,SH600126,杭钢股份,13.25,-1.3236750000000002,-9.99,2025-03-02
19,SH600693,东百集团,6.78,0.682068,10.06,2025-03-02
20,SH600884,杉杉股份,8.25,0.38775,4.7,2025-03-02
21,SH605066,天正电气,8.06,0.802776,9.96,2025-03-02
22,SH600589,大位科技,7.41,0.467571,6.31,2025-03-02
23,SZ300687,赛意信息,29.3,4.79348,16.36,2025-03-02
24,SH600470,六国化工,6.05,0.605,10.0,2025-03-02
25,SH603683,晶华新材,12.23,1.220554,9.98,2025-03-02
26,SZ002227,奥 特 迅,12.52,1.2545039999999998,10.02,2025-03-02
27,SZ002140,东华科技,10.07,1.012035,10.05,2025-03-02
28,SZ300324,旋极信息,4.67,0.165785,3.55,2025-03-02
29,SH603991,至正股份,70.6,2.6122,3.7,2025-03-02
30,SH600238,海南椰岛,7.02,0.7041059999999999,10.03,2025-03-02
31,SZ002261,拓维信息,33.5,-1.6616,-4.96,2025-03-02
32,SH603690,至纯科技,28.61,2.861,10.0,2025-03-02
33,SH605300,佳禾食品,18.43,1.848529,10.03,2025-03-02
34,SZ300059,东方财富,23.23,-0.8664790000000001,-3.73,2025-03-02
35,SZ001359,平安电工,29.83,2.980017,9.99,2025-03-02
36,SZ300409,道氏技术,18.0,0.0306,0.17,2025-03-02
37,SZ301022,海泰科,28.92,5.784000000000001,20.0,2025-03-02
38,SZ300031,宝通科技,38.78,1.99717,5.15,2025-03-02
39,SZ002195,岩山科技,5.0,0.0504999999999999,1.01,2025-03-02
40,SZ000570,苏常柴Ａ,5.97,0.5934179999999999,9.94,2025-03-02
41,SZ003033,征和工业,36.48,3.651648,10.01,2025-03-02
42,SZ300458,全志科技,54.49,-2.353968,-4.32,2025-03-02
43,SH600696,岩石股份,12.28,1.2329119999999998,10.04,2025-03-02
44,SZ300083,创世纪,9.19,0.1838,2.0,2025-03-02
45,SZ002065,东华软件,11.66,-1.169498,-10.03,2025-03-02
46,SH603660,苏州科达,9.44,0.5276959999999999,5.59,2025-03-02
47,SH603626,科森科技,10.58,0.330096,3.12,2025-03-02
48,SZ002692,远程股份,5.54,0.5495680000000001,9.92,2025-03-02
49,SH600665,天地源,3.26,0.3305639999999999,10.14,2025-03-02
50,SZ002580,圣阳股份,14.93,-0.558382,-3.74,2025-03-02
51,SZ301182,凯旺科技,49.18,9.840918,20.01,2025-03-02
52,SZ002369,卓翼科技,13.08,-0.6095280000000001,-4.66,2025-03-02
53,SZ002031,巨轮智能,9.97,-0.7666930000000001,-7.69,2025-03-02
54,SH603595,东尼电子,21.25,2.122875,9.99,2025-03-02
55,SZ300766,每日互动,53.33,1.050601,1.97,2025-03-02
56,SH603958,哈森股份,16.26,1.6276260000000002,10.01,2025-03-02
57,SZ000833,粤桂股份,14.44,0.5602719999999999,3.88,2025-03-02
58,SH600519,贵州茅台,1500.79,15.458137,1.03,2025-03-02
59,SZ300076,GQY视讯,8.2,1.6449199999999995,20.06,2025-03-02
60,SZ002616,长青集团,6.31,0.626583,9.93,2025-03-02
61,SZ000036,华联控股,4.29,0.429,10.0,2025-03-02
62,SZ301396,宏景科技,60.58,12.122058,20.01,2025-03-02
63,SH603887,城地香江,20.15,1.209,6.0,2025-03-02
64,SZ002382,蓝帆医疗,5.51,0.549898,9.98,2025-03-02
65,SZ300473,德尔股份,31.33,1.619761,5.17,2025-03-02
66,SZ002207,准油股份,5.82,0.583164,10.02,2025-03-02
67,SZ300068,南都电源,20.81,-0.070754,-0.34,2025-03-02
68,SZ300035,中科电气,16.55,0.243285,1.47,2025-03-02
69,SZ300251,光线传媒,23.91,-0.363432,-1.52,2025-03-02
70,SZ000887,中鼎股份,20.68,-1.84052,-8.9,2025-03-02
71,SZ000759,中百集团,10.47,0.50256,4.8,2025-03-02
72,SH600210,紫江企业,7.23,0.19521,2.7,2025-03-02
73,SZ300191,潜能恒信,16.24,3.252872,20.03,2025-03-02
74,SZ000158,常山北明,25.19,-2.519,-10.0,2025-03-02
75,SH603021,山东华鹏,4.74,0.4730520000000001,9.98,2025-03-02
76,SZ002428,云南锗业,20.33,0.941279,4.63,2025-03-02
77,SZ002882,金龙羽,18.55,0.53424,2.88,2025-03-02
78,SZ000536,华映科技,5.91,0.174936,2.96,2025-03-02
79,SZ002123,梦网科技,17.6,0.11088,0.63,2025-03-02
80,SZ002245,蔚蓝锂芯,14.52,-1.1935440000000002,-8.22,2025-03-02
81,SZ300846,首都在线,31.12,-2.063256,-6.63,2025-03-02
82,SZ000034,神州数码,48.64,-0.1216,-0.25,2025-03-02
83,SZ002896,中大力德,104.64,-10.464,-10.0,2025-03-02
84,SZ833284,灵鸽科技,27.92,8.370416,29.98,2025-03-02
85,SZ002358,森源电气,5.86,0.294172,5.02,2025-03-02
86,SZ000818,航锦科技,31.45,-1.20139,-3.82,2025-03-02
87,SH600602,云赛智联,22.49,-2.249,-10.0,2025-03-02
88,SZ000977,浪潮信息,59.21,-3.386812,-5.72,2025-03-02
89,SH605178,时空科技,17.85,1.7814300000000003,9.98,2025-03-02
90,SH600143,金发科技,12.01,-0.368707,-3.07,2025-03-02
91,SZ002402,和而泰,21.61,-2.161,-10.0,2025-03-02
92,SH603118,共进股份,14.01,-0.6024299999999999,-4.3,2025-03-02
93,SZ300115,长盈精密,25.23,-1.5743520000000002,-6.24,2025-03-02
94,SZ002594,比亚迪,361.82,-13.170248,-3.64,2025-03-02
95,SH600839,四川长虹,11.27,-0.5601189999999999,-4.97,2025-03-02
96,SH603906,龙蟠科技,12.71,0.255471,2.01,2025-03-02
97,SZ002074,国轩高科,23.29,-0.267835,-1.15,2025-03-02
98,SH600580,卧龙电驱,25.65,-2.18538,-8.52,2025-03-02
99,SH600478,科力远,4.63,0.040281,0.87,2025-03-02
100,SH603019,中科曙光,71.74,-4.368966,-6.09,2025-03-02
1,SH603496,恒为科技,41.91,4.191,10.0,2025-03-03
2,SH600811,东方集团,1.93,-0.189333,-9.81,2025-03-03
3,SH603200,上海洗霸,41.21,4.125121,10.01,2025-03-03
4,SZ002261,拓维信息,34.68,1.220736,3.52,2025-03-03
5,SH605100,华丰股份,23.0,-2.1068,-9.16,2025-03-03
6,SH600126,杭钢股份,11.93,-1.188228,-9.96,2025-03-03
7,SZ002167,东方锆业,10.54,0.8073639999999999,7.66,2025-03-03
8,SH600206,有研新材,20.91,0.110823,0.53,2025-03-03
9,SH603663,三祥新材,27.5,-0.43175,-1.57,2025-03-03
10,SZ000016,深康佳Ａ,5.76,0.5713919999999999,9.92,2025-03-03
11,SH600105,永鼎股份,5.92,0.5943679999999999,10.04,2025-03-03
12,SH601789,宁波建工,6.74,0.6706300000000001,9.95,2025-03-03
13,SZ300473,德尔股份,37.6,7.523760000000001,20.01,2025-03-03
14,SZ002245,蔚蓝锂芯,15.82,1.41589,8.95,2025-03-03
15,SZ000710,贝瑞基因,14.17,1.4198339999999998,10.02,2025-03-03
16,SH601611,中国核建,8.81,0.8801190000000001,9.99,2025-03-03
17,SH600478,科力远,5.09,0.5059459999999999,9.94,2025-03-03
18,SH600400,红豆股份,2.71,0.275336,10.16,2025-03-03
19,SZ000058,深 赛 格,9.23,0.923923,10.01,2025-03-03
20,SZ000980,众泰汽车,2.61,0.264393,10.13,2025-03-03
21,SZ002031,巨轮智能,9.9,-0.0693,-0.7,2025-03-03
22,SH600619,海立股份,12.31,1.232231,10.01,2025-03-03
23,SZ002195,岩山科技,5.23,0.24058,4.6,2025-03-03
24,SZ300530,领湃科技,30.02,5.9979960000000005,19.98,2025-03-03
25,SH603876,鼎胜新材,9.69,0.968031,9.99,2025-03-03
26,SH603032,德新科技,16.4,1.6383599999999998,9.99,2025-03-03
27,SH600588,用友网络,16.4,1.23656,7.54,2025-03-03
28,SZ300059,东方财富,22.95,-0.2776949999999999,-1.21,2025-03-03
29,SZ300750,宁德时代,273.53,9.546197,3.49,2025-03-03
30,SZ300035,中科电气,19.45,3.40764,17.52,2025-03-03
31,SZ002582,好想你,10.63,-1.054496,-9.92,2025-03-03
32,SZ000973,佛塑科技,7.11,0.7152660000000001,10.06,2025-03-03
33,SZ002276,万马股份,13.7,-0.64801,-4.73,2025-03-03
34,SZ300251,光线传媒,24.45,0.5525699999999999,2.26,2025-03-03
35,SH605378,野马电池,28.6,2.86,10.0,2025-03-03
36,SZ000555,神州信息,13.43,1.341657,9.99,2025-03-03
37,SZ002369,卓翼科技,11.88,-1.089396,-9.17,2025-03-03
38,SZ002123,梦网科技,18.15,0.5680949999999999,3.13,2025-03-03
39,SZ002227,奥 特 迅,13.77,1.374246,9.98,2025-03-03
40,SZ000063,中兴通讯,36.14,-2.3563279999999995,-6.52,2025-03-03
41,SZ002326,永太科技,10.99,1.100099,10.01,2025-03-03
42,SH605066,天正电气,8.87,0.891435,10.05,2025-03-03
43,SH600129,太极集团,22.22,2.222,10.0,2025-03-03
44,SH603399,永杉锂业,9.75,0.9798750000000002,10.05,2025-03-03
45,SZ002917,金奥博,15.86,1.5844139999999998,9.99,2025-03-03
46,SZ002575,群兴玩具,12.49,1.253996,10.04,2025-03-03
47,SZ300687,赛意信息,33.69,5.046762,14.98,2025-03-03
48,SZ300195,长荣股份,7.37,1.4762110000000002,20.03,2025-03-03
49,SZ000409,云鼎科技,10.7,1.06679,9.97,2025-03-03
50,SZ300619,金银河,32.08,6.419208,20.01,2025-03-03
51,SH603683,晶华新材,13.45,1.34231,9.98,2025-03-03
52,SH603716,塞力医疗,10.01,1.001,10.0,2025-03-03
53,SZ002896,中大力德,94.18,-9.418,-10.0,2025-03-03
54,SZ000056,皇庭国际,3.54,0.3518759999999999,9.94,2025-03-03
55,SZ002759,天际股份,9.27,0.923292,9.96,2025-03-03
56,SH603936,博敏电子,9.1,0.91364,10.04,2025-03-03
57,SZ000833,粤桂股份,15.15,0.7453799999999999,4.92,2025-03-03
58,SH603011,合锻智能,8.39,0.835644,9.96,2025-03-03
59,SH600363,联创光电,53.11,5.311,10.0,2025-03-03
60,SH600589,大位科技,6.67,-0.6663330000000001,-9.99,2025-03-03
61,SZ000795,英洛华,12.13,0.914602,7.54,2025-03-03
62,SH600693,东百集团,7.11,0.346257,4.87,2025-03-03
63,SZ002460,赣锋锂业,38.6,2.3546,6.1,2025-03-03
64,SZ300324,旋极信息,5.07,0.4344990000000001,8.57,2025-03-03
65,SZ000158,常山北明,25.11,-0.0803519999999999,-0.32,2025-03-03
66,SH603799,华友钴业,34.98,2.0988,6.0,2025-03-03
67,SZ300846,首都在线,28.83,-2.121888,-7.36,2025-03-03
68,SZ300031,宝通科技,32.91,-4.982574,-15.14,2025-03-03
69,SZ000759,中百集团,10.12,-0.338008,-3.34,2025-03-03
70,SZ002037,保利联合,8.39,0.835644,9.96,2025-03-03
71,SZ300718,长盛轴承,95.0,2.147,2.26,2025-03-03
72,SZ003033,征和工业,40.13,4.017013,10.01,2025-03-03
73,SZ000695,滨海能源,12.23,1.220554,9.98,2025-03-03
74,SZ002065,东华软件,11.38,-0.27312,-2.4,2025-03-03
75,SZ300014,亿纬锂能,51.0,4.5543000000000005,8.93,2025-03-03
76,SZ300073,当升科技,48.49,3.772522,7.78,2025-03-03
77,SZ301368,丰立智能,80.0,11.44,14.3,2025-03-03
78,SZ002298,中电鑫龙,7.06,-0.7024699999999998,-9.95,2025-03-03
79,SH603985,恒润股份,13.42,1.342,10.0,2025-03-03
80,SZ301173,N毓恬,70.59,105.299103,149.17,2025-03-03
81,SH600839,四川长虹,11.02,-0.244644,-2.22,2025-03-03
82,SZ300766,每日互动,52.71,-0.611436,-1.16,2025-03-03
83,SZ301238,瑞泰新材,23.76,2.570832,10.82,2025-03-03
84,SH603630,拉芳家化,14.05,1.40781,10.02,2025-03-03
85,SZ300173,福能东方,7.78,0.954606,12.27,2025-03-03
86,SZ002580,圣阳股份,13.72,-1.11132,-8.1,2025-03-03
87,SZ000619,海螺新材,6.58,0.659974,10.03,2025-03-03
88,SH603823,百合花,11.15,1.11054,9.96,2025-03-03
89,SH601727,上海电气,8.26,0.101598,1.23,2025-03-03
90,SZ300068,南都电源,19.98,-0.7972020000000001,-3.99,2025-03-03
91,SH600281,华阳新材,3.87,0.3846779999999999,9.94,2025-03-03
92,SZ002942,新农股份,16.58,1.6613159999999996,10.02,2025-03-03
93,SZ000688,国城矿业,12.85,1.28757,10.02,2025-03-03
94,SH603398,沐邦高科,17.27,1.727,10.0,2025-03-03
95,SH600192,长城电工,7.28,0.7258160000000001,9.97,2025-03-03
96,SZ000801,四川九洲,18.9,0.945,5.0,2025-03-03
97,SH603978,深圳新星,14.1,1.40718,9.98,2025-03-03
98,SH603602,纵横通信,18.73,1.869254,9.98,2025-03-03
99,SZ002466,天齐锂业,34.12,1.7878879999999997,5.24,2025-03-03
100,SZ301396,宏景科技,66.66,6.692663999999999,10.04,2025-03-03
1,SZ002049,紫光国微,67.98,6.798000000000001,10.0,2025-03-04
2,SH600811,东方集团,1.74,-0.171216,-9.84,2025-03-04
3,SZ002031,巨轮智能,10.6,0.7494200000000001,7.07,2025-03-04
4,SZ300458,全志科技,62.35,10.069525,16.15,2025-03-04
5,SH600126,杭钢股份,12.3,0.3813,3.1,2025-03-04
6,SZ300044,赛为智能,8.34,1.668,20.0,2025-03-04
7,SH601177,杭齿前进,19.45,1.946945,10.01,2025-03-04
8,SH605100,华丰股份,25.3,2.53,10.0,2025-03-04
9,SZ300211,亿通科技,10.67,2.136134,20.02,2025-03-04
10,SH603496,恒为科技,37.72,-3.772,-10.0,2025-03-04
11,SZ002276,万马股份,15.07,1.507,10.0,2025-03-04
12,SH688521,芯原股份,89.74,17.956974,20.01,2025-03-04
13,SZ300183,东软载波,20.96,4.187808,19.98,2025-03-04
14,SZ002261,拓维信息,34.56,-0.12096,-0.35,2025-03-04
15,SZ002369,卓翼科技,12.69,0.865458,6.82,2025-03-04
16,SH600797,浙大网新,10.32,1.034064,10.02,2025-03-04
17,SZ300223,北京君正,92.0,10.1844,11.07,2025-03-04
18,SZ002126,银轮股份,33.73,3.376373,10.01,2025-03-04
19,SZ001298,好上好,28.95,2.8921050000000004,9.99,2025-03-04
20,SZ300042,朗科科技,30.2,6.03396,19.98,2025-03-04
21,SH603300,海南华铁,9.64,0.00964,0.1,2025-03-04
22,SH600619,海立股份,13.54,1.352646,9.99,2025-03-04
23,SZ300324,旋极信息,5.69,0.695887,12.23,2025-03-04
24,SZ000710,贝瑞基因,15.59,1.562118,10.02,2025-03-04
25,SZ000678,襄阳轴承,8.67,0.869601,10.03,2025-03-04
26,SH603200,上海洗霸,41.42,0.211242,0.51,2025-03-04
27,SH605066,天正电气,9.76,0.978928,10.03,2025-03-04
28,SH603887,城地香江,20.21,2.025042,10.02,2025-03-04
29,SZ300718,长盛轴承,105.0,11.056499999999998,10.53,2025-03-04
30,SZ000409,云鼎科技,11.77,1.1769999999999998,10.0,2025-03-04
31,SZ300083,创世纪,10.4,1.3312,12.8,2025-03-04
32,SZ300287,飞利信,7.52,0.8204319999999999,10.91,2025-03-04
33,SZ301357,北方长龙,35.74,7.151574,20.01,2025-03-04
34,SZ002553,南方精工,15.77,1.572269,9.97,2025-03-04
35,SH603123,翠微股份,8.66,0.869464,10.04,2025-03-04
36,SZ002590,万安科技,14.03,1.4086119999999998,10.04,2025-03-04
37,SZ002265,建设工业,25.54,2.551446,9.99,2025-03-04
38,SZ002123,梦网科技,18.82,0.694458,3.69,2025-03-04
39,SH600839,四川长虹,11.35,0.339365,2.99,2025-03-04
40,SZ000056,皇庭国际,3.89,0.384721,9.89,2025-03-04
41,SH600316,洪都航空,37.4,3.74,10.0,2025-03-04
42,SZ002933,新兴装备,37.32,3.728268,9.99,2025-03-04
43,SH600206,有研新材,20.23,-0.657475,-3.25,2025-03-04
44,SZ002279,久其软件,7.94,0.7916180000000002,9.97,2025-03-04
45,SZ002512,达华智能,5.64,0.5606159999999999,9.94,2025-03-04
46,SZ300059,东方财富,22.98,0.029874,0.13,2025-03-04
47,SZ003021,兆威机电,147.8,14.67654,9.93,2025-03-04
48,SH600835,上海机电,24.13,2.408174,9.98,2025-03-04
49,SH688262,国芯科技,32.41,5.023549999999999,15.5,2025-03-04
50,SZ300115,长盈精密,28.0,2.3044,8.23,2025-03-04
51,SZ002786,银宝山新,11.01,1.099899,9.99,2025-03-04
52,SZ002313,日海智能,11.52,1.155456,10.03,2025-03-04
53,SH688107,安路科技,35.4,7.08,20.0,2025-03-04
54,SH603409,N汇通,50.81,55.957053,110.13,2025-03-04
55,SH603912,佳力图,10.27,1.022892,9.96,2025-03-04
56,SH601020,华钰矿业,17.28,1.7262720000000005,9.99,2025-03-04
57,SH600734,实达集团,4.87,0.483591,9.93,2025-03-04
58,SZ002164,宁波东力,6.97,0.6928179999999999,9.94,2025-03-04
59,SZ300077,国民技术,28.44,2.4799680000000004,8.72,2025-03-04
60,SZ300451,创业慧康,6.88,1.225328,17.81,2025-03-04
61,SZ002960,青鸟消防,13.28,1.3306559999999998,10.02,2025-03-04
62,SZ301557,N常友,89.99,190.41884,211.6,2025-03-04
63,SZ002227,奥 特 迅,15.15,1.51803,10.02,2025-03-04
64,SZ002065,东华软件,11.65,0.276105,2.37,2025-03-04
65,SH603583,捷昌驱动,41.59,4.159000000000001,10.0,2025-03-04
66,SZ002354,天娱数科,7.11,0.378963,5.33,2025-03-04
67,SZ300251,光线传媒,23.48,-0.932156,-3.97,2025-03-04
68,SH605208,永茂泰,12.52,1.2545039999999998,10.02,2025-03-04
69,SZ002246,北化股份,11.06,1.11153,10.05,2025-03-04
70,SH603986,兆易创新,134.5,5.111,3.8,2025-03-04
71,SZ002725,跃岭股份,13.99,1.3962020000000002,9.98,2025-03-04
72,SZ001339,智微智能,50.82,5.082,10.0,2025-03-04
73,SZ301112,信邦智能,31.06,6.218211999999999,20.02,2025-03-04
74,SH603700,宁水集团,12.95,1.2988849999999998,10.03,2025-03-04
75,SZ002575,群兴玩具,12.91,0.433776,3.36,2025-03-04
76,SH603012,创力集团,6.27,0.627,10.0,2025-03-04
77,SZ300339,润和软件,57.86,1.6663679999999998,2.88,2025-03-04
78,SH603855,华荣股份,24.54,2.454,10.0,2025-03-04
79,SZ002697,红旗连锁,5.62,0.560876,9.98,2025-03-04
80,SZ002195,岩山科技,5.21,-0.019798,-0.38,2025-03-04
81,SH600592,龙溪股份,15.86,1.5844139999999998,9.99,2025-03-04
82,SZ000016,深康佳Ａ,5.8,0.04002,0.69,2025-03-04
83,SH603960,克来机电,21.79,2.176821,9.99,2025-03-04
84,SH600841,动力新科,6.34,0.6384380000000001,10.07,2025-03-04
85,SZ002879,长缆科技,19.36,1.936,10.0,2025-03-04
86,SH603663,三祥新材,24.75,-2.475,-10.0,2025-03-04
87,SZ000063,中兴通讯,37.01,0.8919410000000001,2.41,2025-03-04
88,SZ000980,众泰汽车,2.76,0.1586999999999999,5.75,2025-03-04
89,SH603595,东尼电子,21.74,2.178348,10.02,2025-03-04
90,SZ002167,东方锆业,10.0,-0.512,-5.12,2025-03-04
91,SH603931,格林达,27.74,2.771226,9.99,2025-03-04
92,SZ000697,炼石航空,7.85,0.7802899999999999,9.94,2025-03-04
93,SH601789,宁波建工,6.3,-0.41139,-6.53,2025-03-04
94,SZ300053,航宇微,15.33,1.116024,7.28,2025-03-04
95,SH603810,丰山集团,12.98,1.298,10.0,2025-03-04
96,SZ003033,征和工业,44.14,4.409586,9.99,2025-03-04
97,SH600589,大位科技,6.02,-0.58695,-9.75,2025-03-04
98,SH603178,圣龙股份,20.16,2.011968,9.98,2025-03-04
99,SH603261,立航科技,25.0,2.4975,9.99,2025-03-04
100,SZ300766,每日互动,49.85,-2.706855,-5.43,2025-03-04
1,SZ002261,拓维信息,38.02,3.805802,10.01,2025-03-05
2,SZ002195,岩山科技,5.73,0.5718540000000001,9.98,2025-03-05
3,SH600811,东方集团,1.57,-0.153389,-9.77,2025-03-05
4,SH603300,海南华铁,10.6,1.05576,9.96,2025-03-05
5,SZ002369,卓翼科技,13.96,1.397396,10.01,2025-03-05
6,SZ002031,巨轮智能,10.77,0.17232,1.6,2025-03-05
7,SH601177,杭齿前进,20.83,1.4789299999999996,7.1,2025-03-05
8,SH600126,杭钢股份,12.37,0.0705089999999999,0.57,2025-03-05
9,SZ002115,三维通信,8.03,0.8029999999999999,10.0,2025-03-05
10,SZ002123,梦网科技,19.6,0.81144,4.14,2025-03-05
11,SZ000409,云鼎科技,12.95,1.2988849999999998,10.03,2025-03-05
12,SH605066,天正电气,10.74,1.078296,10.04,2025-03-05
13,SZ002526,山东矿机,4.5,0.4508999999999999,10.02,2025-03-05
14,SZ301396,宏景科技,80.35,16.07,20.0,2025-03-05
15,SH600589,大位科技,6.62,0.660014,9.97,2025-03-05
16,SZ002276,万马股份,16.03,1.021111,6.37,2025-03-05
17,SZ300211,亿通科技,12.8,2.5548800000000003,19.96,2025-03-05
18,SZ000158,常山北明,25.82,1.0612020000000002,4.11,2025-03-05
19,SZ002194,武汉凡谷,13.37,1.342348,10.04,2025-03-05
20,SZ002065,东华软件,12.18,0.55419,4.55,2025-03-05
21,SH600592,龙溪股份,17.45,1.7502349999999998,10.03,2025-03-05
22,SZ300766,每日互动,53.9,4.37668,8.12,2025-03-05
23,SZ000837,秦川机床,12.34,1.231532,9.98,2025-03-05
24,SZ001298,好上好,31.85,3.19137,10.02,2025-03-05
25,SZ002131,利欧股份,4.16,0.199264,4.79,2025-03-05
26,SZ003021,兆威机电,162.58,16.258000000000003,10.0,2025-03-05
27,SZ300328,宜安科技,13.14,2.628,20.0,2025-03-05
28,SZ300964,本川智能,44.4,8.88,20.0,2025-03-05
29,SH603583,捷昌驱动,45.75,4.575,10.0,2025-03-05
30,SH600602,云赛智联,23.79,1.5891719999999998,6.68,2025-03-05
31,SH603881,数据港,36.78,2.2509360000000003,6.12,2025-03-05
32,SZ002049,紫光国微,68.7,0.72822,1.06,2025-03-05
33,SZ002326,永太科技,12.69,1.265193,9.97,2025-03-05
34,SZ300183,东软载波,24.41,4.017886000000001,16.46,2025-03-05
35,SZ300458,全志科技,61.5,-0.8364,-1.36,2025-03-05
36,SZ001339,智微智能,55.9,5.59,10.0,2025-03-05
37,SH600590,泰豪科技,9.77,0.978954,10.02,2025-03-05
38,SH601020,华钰矿业,19.01,1.902901,10.01,2025-03-05
39,SZ300059,东方财富,22.98,0.0,0.0,2025-03-05
40,SH603985,恒润股份,14.4,1.44144,10.01,2025-03-05
41,SH603809,豪能股份,17.53,1.7477410000000004,9.97,2025-03-05
42,SZ002196,方正电机,7.3,0.7256199999999999,9.94,2025-03-05
43,SZ000528,柳    工,12.87,1.287,10.0,2025-03-05
44,SH603166,福达股份,11.75,1.17735,10.02,2025-03-05
45,SZ002436,兴森科技,13.67,1.364266,9.98,2025-03-05
46,SZ301139,元道通信,37.02,7.404000000000001,20.0,2025-03-05
47,SH603496,恒为科技,35.85,-1.77816,-4.96,2025-03-05
48,SZ000829,天音控股,12.77,1.275723,9.99,2025-03-05
49,SZ000680,山推股份,10.76,1.078152,10.02,2025-03-05
50,SH603602,纵横通信,20.66,2.068066,10.01,2025-03-05
51,SZ002418,康盛股份,3.75,0.373875,9.97,2025-03-05
52,SH603618,杭电股份,7.37,0.737,10.0,2025-03-05
53,SH603700,宁水集团,14.25,1.4307,10.04,2025-03-05
54,SZ300657,弘信电子,39.68,3.995776,10.07,2025-03-05
55,SZ300718,长盛轴承,108.38,3.4898360000000004,3.22,2025-03-05
56,SH600839,四川长虹,11.52,0.1728,1.5,2025-03-05
57,SH603178,圣龙股份,22.18,2.222436,10.02,2025-03-05
58,SH600186,莲花控股,7.08,0.334884,4.73,2025-03-05
59,SH601881,中国银河,16.48,0.6773280000000002,4.11,2025-03-05
60,SH600318,新力金融,8.7,0.86913,9.99,2025-03-05
61,SH605100,华丰股份,25.32,0.020256,0.08,2025-03-05
62,SZ000701,厦门信达,5.27,0.5280539999999999,10.02,2025-03-05
63,SZ300611,美力科技,20.77,4.151922999999999,19.99,2025-03-05
64,SZ300523,辰安科技,25.85,5.172585000000001,20.01,2025-03-05
65,SH603666,亿嘉和,38.74,3.870126,9.99,2025-03-05
66,SH600751,海航科技,2.72,0.275264,10.12,2025-03-05
67,SH600797,浙大网新,10.75,0.448275,4.17,2025-03-05
68,SZ000797,中国武夷,2.97,0.297,10.0,2025-03-05
69,SH600815,厦工股份,2.99,0.296907,9.93,2025-03-05
70,SH603048,浙江黎明,19.01,1.902901,10.01,2025-03-05
71,SH600031,三一重工,19.68,0.8777280000000001,4.46,2025-03-05
72,SZ301226,祥明智能,35.23,6.3766300000000005,18.1,2025-03-05
73,SZ002725,跃岭股份,15.39,1.540539,10.01,2025-03-05
74,SZ002824,和胜股份,20.52,2.058156,10.03,2025-03-05
75,SH605488,福莱新材,53.74,5.379374,10.01,2025-03-05
76,SZ300846,首都在线,28.81,1.21002,4.2,2025-03-05
77,SZ002105,信隆健康,6.38,0.638,10.0,2025-03-05
78,SZ300251,光线传媒,23.55,0.07065,0.3,2025-03-05
79,SZ001239,永达股份,16.14,1.617228,10.02,2025-03-05
80,SH688521,芯原股份,99.8,11.18758,11.21,2025-03-05
81,SZ839493,并行科技,226.5,39.2751,17.34,2025-03-05
82,SH600343,航天动力,11.44,1.144,10.0,2025-03-05
83,SZ300442,润泽科技,67.33,6.288622,9.34,2025-03-05
84,SZ000977,浪潮信息,60.0,1.212,2.02,2025-03-05
85,SZ002575,群兴玩具,11.62,-1.160838,-9.99,2025-03-05
86,SZ300044,赛为智能,8.1,-0.23328,-2.88,2025-03-05
87,SZ300031,宝通科技,30.82,-0.588662,-1.91,2025-03-05
88,SZ002085,万丰奥威,20.83,0.543663,2.61,2025-03-05
89,SZ002245,蔚蓝锂芯,15.5,0.6355,4.1,2025-03-05
90,SZ002801,微光股份,36.01,3.597399,9.99,2025-03-05
91,SZ002975,博杰股份,41.38,4.133862000000001,9.99,2025-03-05
92,SZ002335,科华数据,47.3,3.44344,7.28,2025-03-05
93,SH600580,卧龙电驱,26.17,0.468443,1.79,2025-03-05
94,SZ301382,蜂助手,61.21,7.3452,12.0,2025-03-05
95,SH603386,骏亚科技,12.49,1.253996,10.04,2025-03-05
96,SZ000063,中兴通讯,37.01,0.0,0.0,2025-03-05
97,SZ002426,胜利精密,3.67,0.145699,3.97,2025-03-05
98,SZ300287,飞利信,7.79,0.279661,3.59,2025-03-05
99,SH603901,永创智能,10.36,1.033928,9.98,2025-03-05
100,SH600206,有研新材,19.54,-0.666314,-3.41,2025-03-05
1,SZ002261,拓维信息,40.38,2.507598,6.21,2025-03-06
2,SZ002195,岩山科技,6.3,0.6268499999999999,9.95,2025-03-06
3,SZ300170,汉得信息,22.72,4.548544,20.02,2025-03-06
4,SZ300058,蓝色光标,10.58,2.11071,19.95,2025-03-06
5,SH600811,东方集团,1.41,-0.143679,-10.19,2025-03-06
6,SH600986,浙文互联,9.68,0.968,10.0,2025-03-06
7,SZ300248,新开普,13.96,2.7961880000000003,20.03,2025-03-06
8,SZ002369,卓翼科技,15.36,1.5406079999999998,10.03,2025-03-06
9,SH603300,海南华铁,11.66,1.166,10.0,2025-03-06
10,SZ300059,东方财富,23.93,0.988309,4.13,2025-03-06
11,SH600588,用友网络,18.18,1.814364,9.98,2025-03-06
12,SZ300840,酷特智能,25.94,5.182812,19.98,2025-03-06
13,SZ000681,视觉中国,26.29,2.629,10.0,2025-03-06
14,SZ002276,万马股份,17.63,1.759474,9.98,2025-03-06
15,SZ002657,中科金财,21.34,2.134,10.0,2025-03-06
16,SZ300378,鼎捷数智,44.58,8.915999999999999,20.0,2025-03-06
17,SZ002757,南兴股份,22.23,2.2230000000000003,10.0,2025-03-06
18,SZ002236,大华股份,18.18,1.814364,9.98,2025-03-06
19,SZ300344,立方数科,12.49,2.495502,19.98,2025-03-06
20,SH601177,杭齿前进,22.91,2.288709,9.99,2025-03-06
21,SZ000409,云鼎科技,14.25,1.4307,10.04,2025-03-06
22,SZ002315,焦点科技,49.02,4.906902,10.01,2025-03-06
23,SZ002093,国脉科技,9.05,0.9013800000000002,9.96,2025-03-06
24,SZ002115,三维通信,8.83,0.8794680000000001,9.96,2025-03-06
25,SH600126,杭钢股份,12.7,0.33909,2.67,2025-03-06
26,SZ002031,巨轮智能,10.99,0.2241959999999999,2.04,2025-03-06
27,SZ000536,华映科技,6.3,0.6268499999999999,9.95,2025-03-06
28,SH600705,中航产融,3.74,0.374,10.0,2025-03-06
29,SH601789,宁波建工,7.02,0.7041059999999999,10.03,2025-03-06
30,SH601136,首创证券,22.59,2.2544820000000003,9.98,2025-03-06
31,SZ002335,科华数据,52.03,5.202999999999999,10.0,2025-03-06
32,SH600589,大位科技,7.28,0.7258160000000001,9.97,2025-03-06
33,SH600728,佳都科技,5.84,0.582832,9.98,2025-03-06
34,SH603220,中贝通信,29.26,2.926,10.0,2025-03-06
35,SH605100,华丰股份,27.85,2.782215,9.99,2025-03-06
36,SZ300738,奥飞数据,24.98,2.692844,10.78,2025-03-06
37,SH600718,东软集团,12.49,1.253996,10.04,2025-03-06
38,SZ300113,顺网科技,23.03,3.422258,14.86,2025-03-06
39,SZ002065,东华软件,12.54,0.3711839999999999,2.96,2025-03-06
40,SZ000903,云内动力,3.69,0.374535,10.15,2025-03-06
41,SZ002122,汇洲智能,5.13,0.517617,10.09,2025-03-06
42,SH600590,泰豪科技,10.75,1.078225,10.03,2025-03-06
43,SZ002131,利欧股份,4.24,0.081408,1.92,2025-03-06
44,SH603881,数据港,39.35,2.7505650000000004,6.99,2025-03-06
45,SZ300311,任子行,7.92,1.456488,18.39,2025-03-06
46,SZ000710,贝瑞基因,16.84,1.682316,9.99,2025-03-06
47,SZ002575,群兴玩具,12.78,1.275444,9.98,2025-03-06
48,SH601360,三六零,11.97,0.642789,5.37,2025-03-06
49,SH605066,天正电气,10.07,-0.628368,-6.24,2025-03-06
50,SZ000665,湖北广电,4.79,0.4842689999999999,10.11,2025-03-06
51,SZ301208,中亦科技,49.55,9.91,20.0,2025-03-06
52,SH603918,金桥信息,20.09,2.013018,10.02,2025-03-06
53,SZ002123,梦网科技,19.32,-0.2762759999999999,-1.43,2025-03-06
54,SH603618,杭电股份,8.11,0.814244,10.04,2025-03-06
55,SZ002765,蓝黛科技,14.49,1.451898,10.02,2025-03-06
56,SZ300031,宝通科技,35.0,4.746,13.56,2025-03-06
57,SZ000034,神州数码,52.33,3.898585,7.45,2025-03-06
58,SZ300766,每日互动,54.29,0.390888,0.72,2025-03-06
59,SH603496,恒为科技,37.39,1.60777,4.3,2025-03-06
60,SZ000158,常山北明,26.18,0.363902,1.39,2025-03-06
61,SH603166,福达股份,12.93,1.298172,10.04,2025-03-06
62,SZ301428,世纪恒通,53.86,10.777386000000002,20.01,2025-03-06
63,SH603583,捷昌驱动,50.33,5.038033,10.01,2025-03-06
64,SZ002358,森源电气,6.46,0.64923,10.05,2025-03-06
65,SH600592,龙溪股份,19.2,1.92576,10.03,2025-03-06
66,SZ002892,科力尔,19.38,1.936062,9.99,2025-03-06
67,SZ300153,科泰电源,39.5,7.1574,18.12,2025-03-06
68,SH600133,东湖高新,10.35,1.033965,9.99,2025-03-06
69,SH601127,赛力斯,134.87,8.807011000000001,6.53,2025-03-06
70,SZ000997,新 大 陆,25.42,2.5420000000000003,10.0,2025-03-06
71,SH600839,四川长虹,11.68,0.162352,1.39,2025-03-06
72,SH600602,云赛智联,24.69,0.933282,3.78,2025-03-06
73,SH603039,泛微网络,74.21,7.428420999999999,10.01,2025-03-06
74,SZ002410,广联达,15.2,1.5184799999999998,9.99,2025-03-06
75,SZ300229,拓尔思,26.22,1.6125300000000002,6.15,2025-03-06
76,SZ002609,捷顺科技,9.32,0.935728,10.04,2025-03-06
77,SH603700,宁水集团,15.68,1.5742719999999997,10.04,2025-03-06
78,SZ002283,天润工业,7.76,0.7814319999999999,10.07,2025-03-06
79,SZ300634,彩讯股份,32.35,3.490565,10.79,2025-03-06
80,SZ300251,光线传媒,24.13,0.593598,2.46,2025-03-06
81,SZ300211,亿通科技,14.5,1.9256,13.28,2025-03-06
82,SZ300115,长盈精密,29.67,1.815804,6.12,2025-03-06
83,SH603012,创力集团,6.89,0.693134,10.06,2025-03-06
84,SZ002415,海康威视,33.6,2.6308800000000003,7.83,2025-03-06
85,SH600580,卧龙电驱,27.32,1.199348,4.39,2025-03-06
86,SZ002048,宁波华翔,17.53,1.7477410000000004,9.97,2025-03-06
87,SH600841,动力新科,7.13,0.715139,10.03,2025-03-06
88,SH600186,莲花控股,7.23,0.153276,2.12,2025-03-06
89,SH600751,海航科技,2.99,0.296907,9.93,2025-03-06
90,SZ000063,中兴通讯,38.0,1.0146,2.67,2025-03-06
91,SH605069,正和生态,8.75,0.8802500000000001,10.06,2025-03-06
92,SZ002526,山东矿机,4.69,0.197918,4.22,2025-03-06
93,SH600519,贵州茅台,1505.98,40.661460000000005,2.7,2025-03-06
94,SZ300718,长盛轴承,108.34,-0.043336,-0.04,2025-03-06
95,SZ300687,赛意信息,35.45,1.081225,3.05,2025-03-06
96,SZ301396,宏景科技,85.54,5.525884000000001,6.46,2025-03-06
97,SZ833030,立方控股,28.49,8.538452999999999,29.97,2025-03-06
98,SH603219,富佳股份,20.31,2.035062,10.02,2025-03-06
99,SH600120,浙江东方,7.4,0.38924,5.26,2025-03-06
100,SH688256,寒武纪-U,775.0,69.285,8.94,2025-03-06
1,SZ002195,岩山科技,6.28,-0.020096,-0.32,2025-03-07
2,SZ002261,拓维信息,36.34,-3.634,-10.0,2025-03-07
3,SH600811,东方集团,1.27,-0.126111,-9.93,2025-03-07
4,SZ002131,利欧股份,4.52,0.29832,6.6,2025-03-07
5,SH603300,海南华铁,12.83,1.286849,10.03,2025-03-07
6,SH600602,云赛智联,27.16,2.716,10.0,2025-03-07
7,SH600588,用友网络,20.0,2.002,10.01,2025-03-07
8,SZ300058,蓝色光标,10.99,0.4264119999999999,3.88,2025-03-07
9,SZ300170,汉得信息,23.15,0.4375349999999999,1.89,2025-03-07
10,SZ002236,大华股份,19.37,1.2687350000000002,6.55,2025-03-07
11,SZ000409,云鼎科技,15.68,1.5742719999999997,10.04,2025-03-07
12,SH601177,杭齿前进,23.97,1.109811,4.63,2025-03-07
13,SZ002456,欧菲光,14.28,0.389844,2.73,2025-03-07
14,SZ300248,新开普,16.75,3.348325,19.99,2025-03-07
15,SH601020,华钰矿业,22.55,2.255,10.0,2025-03-07
16,SZ002369,卓翼科技,14.05,-1.198465,-8.53,2025-03-07
17,SH600580,卧龙电驱,28.58,1.317538,4.61,2025-03-07
18,SZ002031,巨轮智能,10.85,-0.137795,-1.27,2025-03-07
19,SH600126,杭钢股份,11.64,-0.97194,-8.35,2025-03-07
20,SZ300840,酷特智能,28.82,3.19902,11.1,2025-03-07
21,SZ002093,国脉科技,9.96,1.001976,10.06,2025-03-07
22,SH600986,浙文互联,9.79,0.1116059999999999,1.14,2025-03-07
23,SZ000903,云内动力,4.06,0.4072179999999999,10.03,2025-03-07
24,SZ002114,罗平锌电,7.12,0.7155600000000001,10.05,2025-03-07
25,SZ300059,东方财富,23.41,-0.507997,-2.17,2025-03-07
26,SZ002757,南兴股份,24.45,2.442555,9.99,2025-03-07
27,SZ002276,万马股份,17.45,-0.1779899999999999,-1.02,2025-03-07
28,SH603881,数据港,39.25,-0.098125,-0.25,2025-03-07
29,SZ002196,方正电机,8.01,0.803403,10.03,2025-03-07
30,SZ002065,东华软件,12.55,0.01004,0.08,2025-03-07
31,SZ301368,丰立智能,97.0,14.743999999999998,15.2,2025-03-07
32,SZ002253,川大智胜,13.7,1.3754799999999998,10.04,2025-03-07
33,SH600361,创新新材,4.27,0.429135,10.05,2025-03-07
34,SZ300953,震裕科技,173.41,34.681999999999995,20.0,2025-03-07
35,SH605208,永茂泰,15.71,1.5725710000000002,10.01,2025-03-07
36,SH600728,佳都科技,6.42,0.637506,9.93,2025-03-07
37,SZ002361,神剑股份,6.15,0.6162299999999999,10.02,2025-03-07
38,SZ000665,湖北广电,5.27,0.5280539999999999,10.02,2025-03-07
39,SZ001319,铭科精技,33.7,3.36663,9.99,2025-03-07
40,SH600961,株冶集团,9.02,0.902,10.0,2025-03-07
41,SZ002155,湖南黄金,22.38,1.922442,8.59,2025-03-07
42,SZ300657,弘信电子,44.89,2.881938,6.42,2025-03-07
43,SZ300738,奥飞数据,25.5,0.5304,2.08,2025-03-07
44,SH600301,华锡有色,23.71,2.375742,10.02,2025-03-07
45,SH603048,浙江黎明,23.0,2.3,10.0,2025-03-07
46,SH603667,五洲新春,47.12,2.219352,4.71,2025-03-07
47,SZ002115,三维通信,8.43,-0.3818789999999999,-4.53,2025-03-07
48,SZ000795,英洛华,12.49,0.542066,4.34,2025-03-07
49,SH603496,恒为科技,33.66,-3.359268,-9.98,2025-03-07
50,SZ300251,光线传媒,23.18,-0.913292,-3.94,2025-03-07
51,SH603158,腾龙股份,10.41,1.045164,10.04,2025-03-07
52,SZ002105,信隆健康,7.72,0.769684,9.97,2025-03-07
53,SH605100,华丰股份,25.07,-2.5019860000000005,-9.98,2025-03-07
54,SH600590,泰豪科技,11.63,0.952497,8.19,2025-03-07
55,SZ002123,梦网科技,17.8,-1.4008600000000002,-7.87,2025-03-07
56,SZ002162,悦心健康,4.35,0.440655,10.13,2025-03-07
57,SH600519,贵州茅台,1521.0,15.21,1.0,2025-03-07
58,SZ000158,常山北明,24.91,-1.208135,-4.85,2025-03-07
59,SZ300611,美力科技,25.0,4.315,17.26,2025-03-07
60,SH600860,京城股份,14.76,1.4745240000000002,9.99,2025-03-07
61,SZ300766,每日互动,50.5,-3.5249,-6.98,2025-03-07
62,SZ000681,视觉中国,25.17,-1.072242,-4.26,2025-03-07
63,SZ000536,华映科技,5.96,-0.32184,-5.4,2025-03-07
64,SZ002575,群兴玩具,11.5,-1.1523,-10.02,2025-03-07
65,SH600367,红星发展,15.26,1.529052,10.02,2025-03-07
66,SH600589,大位科技,7.07,-0.203616,-2.88,2025-03-07
67,SZ300938,信测标准,38.5,7.703850000000001,20.01,2025-03-07
68,SZ300895,铜牛信息,52.74,4.514544,8.56,2025-03-07
69,SH603200,上海洗霸,37.94,-3.790206,-9.99,2025-03-07
70,SZ000801,四川九洲,20.09,0.952266,4.74,2025-03-07
71,SH605069,正和生态,9.63,0.968778,10.06,2025-03-07
72,SZ000581,威孚高科,23.46,2.1137460000000003,9.01,2025-03-07
73,SH605066,天正电气,9.07,-0.900651,-9.93,2025-03-07
74,SZ300503,昊志机电,29.78,2.421114,8.13,2025-03-07
75,SZ300718,长盛轴承,102.3,-5.70834,-5.58,2025-03-07
76,SH600839,四川长虹,11.32,-0.348656,-3.08,2025-03-07
77,SZ000710,贝瑞基因,17.31,0.4829489999999999,2.79,2025-03-07
78,SZ300148,天舟文化,5.55,0.6104999999999999,11.0,2025-03-07
79,SZ000727,冠捷科技,3.12,0.1797119999999999,5.76,2025-03-07
80,SH600397,安源煤业,5.69,0.5724140000000001,10.06,2025-03-07
81,SZ300007,汉威科技,48.05,2.73885,5.7,2025-03-07
82,SH601956,东贝集团,5.69,0.5724140000000001,10.06,2025-03-07
83,SH600302,标准股份,5.67,0.57267,10.1,2025-03-07
84,SZ300515,三德科技,20.2,4.04404,20.02,2025-03-07
85,SH600592,龙溪股份,20.1,0.9426900000000002,4.69,2025-03-07
86,SZ300475,香农芯创,40.6,3.35762,8.27,2025-03-07
87,SH601789,宁波建工,6.55,-0.4388499999999999,-6.7,2025-03-07
88,SH600714,金瑞矿业,12.87,1.287,10.0,2025-03-07
89,SZ003033,征和工业,47.94,4.794,10.0,2025-03-07
90,SZ301225,恒勃股份,37.64,7.524235999999999,19.99,2025-03-07
91,SZ000509,华塑控股,3.69,0.374535,10.15,2025-03-07
92,SH600281,华阳新材,4.1,0.4067199999999999,9.92,2025-03-07
93,SH600228,返利科技,5.65,0.56048,9.92,2025-03-07
94,SZ001311,多利科技,32.09,3.212209,10.01,2025-03-07
95,SZ001268,联合精密,22.18,2.222436,10.02,2025-03-07
96,SH600410,华胜天成,9.78,0.1731059999999999,1.77,2025-03-07
97,SZ002943,宇晶股份,21.1,2.11211,10.01,2025-03-07
98,SZ300846,首都在线,28.27,-0.8989860000000001,-3.18,2025-03-07
99,SH601100,恒立液压,95.0,9.12,9.6,2025-03-07
100,SH605118,力鼎光电,21.41,2.145282,10.02,2025-03-07
1,SH603108,润达医疗,20.76,-0.49824000000000007,-2.4,2025-03-08
2,SZ002195,岩山科技,6.28,-0.020096000000000003,-0.32,2025-03-08
3,SZ002261,拓维信息,36.34,-3.6340000000000003,-10.0,2025-03-08
4,SH600811,东方集团,1.27,-0.126111,-9.93,2025-03-08
5,SH600602,云赛智联,27.16,2.716,10.0,2025-03-08
6,SH603300,海南华铁,12.83,1.286849,10.03,2025-03-08
7,SZ002065,东华软件,12.55,0.01004,0.08,2025-03-08
8,SZ002131,利欧股份,4.52,0.29832,6.6,2025-03-08
9,SH600588,用友网络,20.0,2.002,10.01,2025-03-08
10,SZ300058,蓝色光标,10.99,0.42641199999999996,3.88,2025-03-08
11,SZ300253,卫宁健康,12.57,-0.18729300000000002,-1.49,2025-03-08
12,SZ000409,云鼎科技,15.68,1.5742719999999997,10.04,2025-03-08
13,SZ002093,国脉科技,9.96,1.001976,10.06,2025-03-08
14,SZ002044,美年健康,6.77,-0.127276,-1.88,2025-03-08
15,SZ002196,方正电机,8.01,0.803403,10.03,2025-03-08
16,SH601020,华钰矿业,22.55,2.255,10.0,2025-03-08
17,SZ300248,新开普,16.75,3.348325,19.99,2025-03-08
18,SZ300953,震裕科技,173.41,34.681999999999995,20.0,2025-03-08
19,SH601956,东贝集团,5.69,0.5724140000000001,10.06,2025-03-08
20,SZ002236,大华股份,19.37,1.2687350000000002,6.55,2025-03-08
21,SZ300170,汉得信息,23.15,0.43753499999999995,1.89,2025-03-08
22,SH600718,东软集团,12.34,-0.14808,-1.2,2025-03-08
23,SZ002757,南兴股份,24.45,2.442555,9.99,2025-03-08
24,SZ300657,弘信电子,44.89,2.881938,6.42,2025-03-08
25,SZ000903,云内动力,4.06,0.40721799999999997,10.03,2025-03-08
26,SH603716,塞力医疗,9.98,-0.262474,-2.63,2025-03-08
27,SZ002456,欧菲光,14.28,0.389844,2.73,2025-03-08
28,SH600580,卧龙电驱,28.58,1.317538,4.61,2025-03-08
29,SH603990,麦迪科技,15.93,-0.256473,-1.61,2025-03-08
30,SH601177,杭齿前进,23.97,1.1098109999999999,4.63,2025-03-08
31,SH600361,创新新材,4.27,0.429135,10.05,2025-03-08
32,SH600728,佳都科技,6.42,0.637506,9.93,2025-03-08
33,SZ000710,贝瑞基因,17.31,0.48294899999999996,2.79,2025-03-08
34,SH600986,浙文互联,9.79,0.11160599999999998,1.14,2025-03-08
35,SH600860,京城股份,14.76,1.4745240000000002,9.99,2025-03-08
36,SZ300059,东方财富,23.41,-0.507997,-2.17,2025-03-08
37,SZ002361,神剑股份,6.15,0.6162299999999999,10.02,2025-03-08
38,SZ002114,罗平锌电,7.12,0.7155600000000001,10.05,2025-03-08
39,SZ002031,巨轮智能,10.85,-0.137795,-1.27,2025-03-08
40,SZ300840,酷特智能,28.82,3.19902,11.1,2025-03-08
41,SZ002276,万马股份,17.45,-0.17798999999999998,-1.02,2025-03-08
42,SZ001319,铭科精技,33.7,3.3666300000000002,9.99,2025-03-08
43,SZ000665,湖北广电,5.27,0.5280539999999999,10.02,2025-03-08
44,SH603158,腾龙股份,10.41,1.045164,10.04,2025-03-08
45,SZ301368,丰立智能,97.0,14.743999999999998,15.2,2025-03-08
46,SZ002253,川大智胜,13.7,1.3754799999999998,10.04,2025-03-08
47,SH600519,贵州茅台,1521.0,15.21,1.0,2025-03-08
48,SH600961,株冶集团,9.02,0.9019999999999999,10.0,2025-03-08
49,SH605208,永茂泰,15.71,1.5725710000000002,10.01,2025-03-08
50,SH600126,杭钢股份,11.64,-0.97194,-8.35,2025-03-08
51,SH600592,龙溪股份,20.1,0.9426900000000002,4.69,2025-03-08
52,SZ002162,悦心健康,4.35,0.440655,10.13,2025-03-08
53,SH600301,华锡有色,23.71,2.375742,10.02,2025-03-08
54,SZ300007,汉威科技,48.05,2.73885,5.7,2025-03-08
55,SZ300251,光线传媒,23.18,-0.913292,-3.94,2025-03-08
56,SZ300458,全志科技,59.5,-1.93375,-3.25,2025-03-08
57,SH605069,正和生态,9.63,0.968778,10.06,2025-03-08
58,SZ002105,信隆健康,7.72,0.769684,9.97,2025-03-08
59,SH603048,浙江黎明,23.0,2.3,10.0,2025-03-08
60,SZ000795,英洛华,12.49,0.542066,4.34,2025-03-08
61,SZ002369,卓翼科技,14.05,-1.198465,-8.53,2025-03-08
62,SZ300611,美力科技,25.0,4.315,17.26,2025-03-08
63,SH600367,红星发展,15.26,1.5290519999999999,10.02,2025-03-08
64,SZ002277,友阿股份,5.75,0.239775,4.17,2025-03-08
65,SZ300938,信测标准,38.5,7.703850000000001,20.01,2025-03-08
66,SZ002155,湖南黄金,22.38,1.9224419999999998,8.59,2025-03-08
67,SH603881,数据港,39.25,-0.098125,-0.25,2025-03-08
68,SH600281,华阳新材,4.1,0.40671999999999997,9.92,2025-03-08
69,SH600714,金瑞矿业,12.87,1.287,10.0,2025-03-08
70,SZ300244,迪安诊断,17.95,-0.47747,-2.66,2025-03-08
71,SH600168,武汉控股,4.98,0.494514,9.93,2025-03-08
72,SH600228,返利科技,5.65,0.56048,9.92,2025-03-08
73,SZ300515,三德科技,20.2,4.04404,20.02,2025-03-08
74,SZ001311,多利科技,32.09,3.212209,10.01,2025-03-08
75,SZ000509,华塑控股,3.69,0.374535,10.15,2025-03-08
76,SZ001268,联合精密,22.18,2.222436,10.02,2025-03-08
77,SZ000988,华工科技,45.8,0.8244,1.8,2025-03-08
78,SH600690,海尔智家,26.59,0.16219899999999998,0.61,2025-03-08
79,SZ000581,威孚高科,23.46,2.1137460000000003,9.01,2025-03-08
80,SH600590,泰豪科技,11.63,0.952497,8.19,2025-03-08
81,SZ002115,三维通信,8.43,-0.38187899999999997,-4.53,2025-03-08
82,SZ300738,奥飞数据,25.5,0.5304,2.08,2025-03-08
83,SH688777,中控技术,58.33,0.554135,0.95,2025-03-08
84,SH600302,标准股份,5.67,0.57267,10.1,2025-03-08
85,SZ001333,光华股份,25.39,2.5415389999999998,10.01,2025-03-08
86,SZ300083,创世纪,9.98,-0.18662600000000001,-1.87,2025-03-08
87,SH605118,力鼎光电,21.41,2.145282,10.02,2025-03-08
88,SZ000977,浪潮信息,59.88,-1.473048,-2.46,2025-03-08
89,SZ002943,宇晶股份,21.1,2.11211,10.01,2025-03-08
90,SZ300718,长盛轴承,102.3,-5.70834,-5.58,2025-03-08
91,SZ300503,昊志机电,29.78,2.421114,8.13,2025-03-08
92,SH600397,安源煤业,5.69,0.5724140000000001,10.06,2025-03-08
93,SH603496,恒为科技,33.66,-3.3592679999999997,-9.98,2025-03-08
94,SZ002760,凤形股份,21.97,2.2013939999999996,10.02,2025-03-08
95,SH603667,五洲新春,47.12,2.2193519999999998,4.71,2025-03-08
96,SH600589,大位科技,7.07,-0.203616,-2.88,2025-03-08
97,SZ300766,每日互动,50.5,-3.5249,-6.98,2025-03-08
98,SZ000681,视觉中国,25.17,-1.072242,-4.26,2025-03-08
99,SH605100,华丰股份,25.07,-2.5019860000000005,-9.98,2025-03-08
100,SH601789,宁波建工,6.55,-0.43884999999999996,-6.7,2025-03-08
